author,title,description,url,urlToImage,publishedAt,content,source.id,source.name
nandika.iyerravi@futurenet.com (Nandika Ravi),"News Weekly: Google rebrands Bard, Gemini arrives in Canada, and more","Google made some big announcements this week, from rebranding its AI to blocking financial fraud apps. News Weekly recaps some of the biggest happenings of the week.",https://www.androidcentral.com/apps-software/news-weekly-february-10-2024,https://cdn.mos.cms.futurecdn.net/8aChZqAZWmf8mrzHiq8tPT-1200-80.png,2024-02-10T19:00:26Z,"This is Android Central's News Weekly, your go-to source for a concise roundup of the week's most significant tech stories. This is where we delve into the top headlines that provide the latest devel… [+5892 chars]",,Android Central
nandika.iyerravi@futurenet.com (Nandika Ravi),News Weekly: All things Mobile World Congress,"On this week's edition of News Weekly, we dive into cool tech that was launched at the Mobile World Congress in Barcelona.",https://www.androidcentral.com/phones/news-weekly-march-3-2024,https://cdn.mos.cms.futurecdn.net/SYue7DnuuzSX65Vccb7aph-1200-80.jpg,2024-03-02T19:00:47Z,"This is Android Central's News Weekly, your go-to source for a concise roundup of the week's most significant tech stories. This is where we delve into the top headlines that provide the latest devel… [+5876 chars]",,Android Central
Lawrence Bonk,Snap is laying off 10 percent of its workforce,"Snap, the parent company of Snapchat, is laying off 10 percent of its workforce, according to an SEC filing
and confirmed by a company spokesperson. The company reported a total number of 5,367 employees at the end of 2023’s third quarter, so the layoffs …",https://consent.yahoo.com/v2/collectConsent?sessionId=1_cc-session_935a3d90-b124-4fce-bf18-14626ad29691,,2024-02-05T16:11:46Z,"Si vous cliquez sur « Tout accepter », nos partenaires (y compris 243 qui font partie du Cadre de transparence et de consentement dIAB) et nous utiliserons également des témoins et vos données person… [+982 chars]",,Yahoo Entertainment
Paul McNally,Shares in Nintendo drop dramatically with news of Switch 2 delay,"Although nothing had ever been confirmed, there had been enough rumors flying around that the Nintendo Switch 2 was to […]
The post Shares in Nintendo drop dramatically with news of Switch 2 delay appeared first on ReadWrite.",https://readwrite.com/shares-in-nintendo-drop-dramatically-with-news-of-switch-2-delay/,https://readwrite.com/wp-content/uploads/2023/12/fortnite_switch-scaled.jpg,2024-02-19T09:27:26Z,"Although nothing had ever been confirmed, there had been enough rumors flying around that the Nintendo Switch 2 was to be released in time for the holidays this year, with a potential announcement as… [+1524 chars]",,ReadWrite
Matt Burgess,Apple iOS 17.4: iMessage Gets Post-Quantum Encryption in New Update,"Useful quantum computers aren’t a reality—yet. But in one of the biggest deployments of post-quantum encryption so far, Apple is bringing the technology to iMessage.",https://www.wired.com/story/apple-pq3-post-quantum-encryption/,"https://media.wired.com/photos/65d5fe7bf13615261bdf325c/191:100/w_1280,c_limit/1978192381",2024-02-21T14:00:00Z,"Apple is launching its first post-quantum protections, one of the biggest deployments of the future-resistant encryption technology to date.
Billions of medical records, financial transactions, and … [+3273 chars]",wired,Wired
TIME PR,TIME and Ally Financial Name 2024 Dealer of the Year,"Rita Case, President, CEO, and Dealer Principal at Rick Case Honda in Davie, Florida, Wins 55th Annual Award at 107th National Automotive Dealers Association Show (Las Vegas, NV, February 3, 2024) – Today, Rita Case, president, CEO, and dealer principal at Ri…",https://time.com/6632445/time-and-ally-financial-name-2024-dealer-of-the-year/,https://api.time.com/wp-content/uploads/2021/11/Time_Logo_Red.jpg?quality=85,2024-02-03T18:45:00Z,"Rita Case, President, CEO, and Dealer Principal at Rick Case Honda in Davie, Florida, Wins 55th Annual Award at 107th National Automotive Dealers Association Show
(Las Vegas, NV, February 3, 2024) T… [+5637 chars]",time,Time
"Kelsey Walsh, Soo Rin Kim, Lalee Ibssa, Nicholas Kerr, Hannah Demissie",Koch-backed group halts financial support for Nikki Haley,Americans For Prosperity Action said it will no longer spend money on behalf of Nikki Haley's presidential campaign.,https://abcnews.go.com/Politics/koch-backed-group-halts-financial-support-haley/story?id=107534037,https://i.abcnewsfe.com/a/c71f4f70-425c-40fb-811e-ee474bb98a66/nikkihaley02252024_1708908172137_hpMain_16x9.jpg?w=1600,2024-02-26T00:45:47Z,"Americans For Prosperity Action, an advocacy organization backed by billionaire Charles Koch and his network of wealthy conservatives supporting Nikki Haley in the Republican presidential primary, wi… [+2274 chars]",abc-news,ABC News
Rachel Kaser,"Ubisoft beats its sales targets in Q3, net bookings at $675M","Ubisoft says it had a solid financial quarter, beating its targets thanks to Assassin's Creed Mirage and Avatar: Frontiers of Pandora.",https://venturebeat.com/games/ubisoft-beats-its-sales-targets-in-q3-net-bookings-at-675m/,https://venturebeat.com/wp-content/uploads/2023/06/mirage-3.jpg?w=1200&strip=all,2024-02-08T22:25:15Z,"Are you looking to showcase your brand in front of the gaming industrys top leaders? Learn more about GamesBeat Summit sponsorship opportunities here. 
Ubisoft today revealed its financial earnings … [+2380 chars]",,VentureBeat
Tom Carter,"Hertz halts plan to buy 65,000 electric cars amid EV slump","The rental car giant is pausing plans to buy 65,000 electric cars from EV pioneer Polestar, according to comments made by Polestar CEO Thomas Ingenlath in an interview with The Financial Times.",https://www.businessinsider.com/hertz-scales-back-ev-ambitions-pauses-purchase-of-polestar-vehicles-2024-2,https://i.insider.com/65c20b907a3d27148877f5f0?width=1200&format=jpeg,2024-02-06T11:38:04Z,"Hertz has rolled back its ambitious EV plans in recent weeks.Rodin Eckenroth/Getty Images
<ul><li>Hertz is pausing plans to buy 65,000 EVs from Polestar, the Swedish firm's CEO told the FT.</li><li>… [+2577 chars]",business-insider,Business Insider
Huileng Tan,Xi just fired China's top markets regulator. It shows his focus is still on control above all else.,China replaced its top markets regulator late on Wednesday following news Xi was to meet with the agency amid a deep market rout.,https://www.businessinsider.com/china-economy-markets-xi-jinping-fires-markets-regulator-control-reforms-2024-2,https://i.insider.com/65c46d3743bb77284ba4cfd5?width=1200&format=jpeg,2024-02-08T08:56:03Z,"Chinese leader Xi Jinping.Andy Wong-Pool/Getty Images
<ul><li>Beijing replaced the boss of the China Securities Regulatory Commission, the country's markets regulator, on Wednesday.</li><li>The deve… [+3649 chars]",business-insider,Business Insider
George Glover,Americans aren't having enough kids. That's bad news for the economy — and immigration may be the answer.,"China, Japan, and Italy are all battling low birth rates, but high immigration has so far stopped the US economy suffering the same fate.",https://www.businessinsider.com/economy-us-birth-rate-declining-population-immigration-china-elon-musk-2024-2,https://i.insider.com/65d34ce2f533b039a88515d4?width=1200&format=jpeg,2024-02-21T09:49:49Z,"Weak population growth could be bad news for the US economy.Dobrila Vignjevic/Getty Images
<ul><li>The US population is expected to peak later this century. That's bad news for the economy.</li><li>… [+5259 chars]",business-insider,Business Insider
https://www.facebook.com/bbcnews,The Papers: 'King has cancer' and 'women dominate Grammys',"King Charles' cancer diagnosis dominates Tuesday's front pages, following the announcement from Buckingham Palace.",https://www.bbc.co.uk/news/blogs-the-papers-68212302,https://ichef.bbci.co.uk/news/1024/branded_news/B27F/production/_132559654_index.png,2024-02-06T00:56:57Z,"Image caption, King Charles' cancer diagnosis is the lead story on almost all of Tuesday's front pages. The Metro says surgeons made the discovery during the King's surgery for an enlarged prostate a… [+2720 chars]",bbc-news,BBC News
https://www.facebook.com/bbcnews,Cocaine worth £450m found in cargo of bananas,"The 5.7 tonnes of the Class A drug is the largest by weight ever found in the UK, officials say.",https://www.bbc.co.uk/news/uk-england-hampshire-68374650,https://ichef.bbci.co.uk/news/1024/branded_news/81ED/production/_132716233_sotondrugs2.jpg,2024-02-23T06:10:42Z,"The largest ever seizure of Class A drugs in the UK, with an estimated street value of £450m, has been uncovered in a shipment of bananas.
The 5.7-tonne haul of cocaine was found in a container from… [+2298 chars]",bbc-news,BBC News
Brian-Damien Morgan,Sony aiming to hit 25 million sales target across Europe,"Sony’s European shipping targets could be hit before the end of the financial year — which is in about a […]
The post Sony aiming to hit 25 million sales target across Europe appeared first on ReadWrite.",https://readwrite.com/sony-aiming-to-hit-25-million-sales-target-across-europe/,https://readwrite.com/wp-content/uploads/2024/02/Sony-aiming-to-hit-25-million-sales.jpg,2024-02-13T16:56:24Z,"Sonys European shipping targets could be hit before the end of the financial year — which is in about a month. According to sale prices appearing in stores, several outlets that stock the PS5 slim co… [+2533 chars]",,ReadWrite
Kwan Wei Kevin Tan,New York Attorney General says she'll seize the Trump Building if Donald Trump can't pay his $355 million fine,"""I look at 40 Wall Street each and every day,"" New York Attorney General Letitia James said, referencing the Trump Building.",https://www.businessinsider.com/new-york-ag-seize-trump-assets-cannot-pay-penalty-2024-2,https://i.insider.com/65d55ad2a610a9069d5ac624?width=1200&format=jpeg,2024-02-21T04:37:12Z,"""We are prepared to make sure that the judgment is paid to New Yorkers, and yes, I look at 40 Wall Street each and every day,"" New York Attorney General Letitia James said of Donald Trump and his Man… [+2079 chars]",business-insider,Business Insider
Aaron Mok,Google's CEO starts his morning reading this niche website. Zuck and Nadella like it too.,Meta's Mark Zuckerberg and Microsoft's Satya Nadella also read the tech news aggregator.,https://www.businessinsider.com/google-ceo-sundar-pichai-morning-routine-reads-news-techmeme-2024-2,https://i.insider.com/65c4f5406fcb546d2d4d7a98?width=1200&format=jpeg,2024-02-08T16:50:08Z,"Google CEO Sundar Pichai says he wakes up and reads Techmeme, a news aggregator, every morning.Mateusz Wlodarczyk/Getty Images
<ul><li>Google CEO Sundar Pichai doesn't read legacy media outlets firs… [+2736 chars]",business-insider,Business Insider
Scharon Harding,"200-foot AM radio tower disappears, halting Alabama station broadcast","""There's wires everywhere, and it's gone.""",https://arstechnica.com/gadgets/2024/02/200-foot-am-radio-tower-disappears-halting-alabama-station-broadcast/,https://cdn.arstechnica.net/wp-content/uploads/2024/02/GettyImages-79217577-760x380.jpg,2024-02-09T21:33:15Z,"47
A 200-foot AM radio tower has been missing for at least a week, leaving an Alabama radio station in a financial crisis and on a desperate hunt.
As first reported by Memphis' Action News 5, Jaspe… [+4022 chars]",ars-technica,Ars Technica
Marielle Descalsota,A woman who quit her job to travel says she regrets not saving enough for a house or retirement,"In an article for CNBC, Helen Zhao wrote that she quit her dream job as a video producer at the news outlet in 2022, after working there for four years.",https://www.businessinsider.com/woman-traveler-finances-budget-regrets-saving-cnbc-2024-2,https://i.insider.com/65cb00a96fcb546d2d4eea9d?width=1200&format=jpeg,2024-02-15T05:53:25Z,"A woman says she quit her dream job to travel the world and regrets not saving enough for a house or retirement (not pictured).d3sign/Getty Images
<ul><li>Helen Zhao quit her dream job and spent $34… [+1914 chars]",business-insider,Business Insider
Hartley Charlton,Apple's Decision to Disable Web Apps Attracts Scrutiny in EU,"The European Commission is considering investigating Apple's move to disable Home Screen web apps in the EU, the Financial Times reports.





Following the release of the second beta version of iOS 17.4, it emerged that Apple had restricted the functionality…",https://www.macrumors.com/2024/02/26/disabled-web-apps-attract-eu-scrutiny/,https://images.macrumors.com/t/sMSL9x9rGpB0mKcQjyg_5E2d5PQ=/1600x/article-new/2016/01/European-Commisssion.jpg,2024-02-26T15:07:10Z,"The European Commission is considering investigating Apple's move to disable Home Screen web apps in the EU, the Financial Times reports.
Following the release of the second beta version of iOS 17.4… [+1734 chars]",,MacRumors
"Jon Brodkin, Ars Technica","Elon Musk’s X Gave Check Marks to Terrorist Group Leaders, Report Says",A new report cited 28 “verified” accounts on X that appear to be tied to sanctioned groups or individuals.,https://www.wired.com/story/elon-musk-x-checkmarks-terrorist-groups/,"https://media.wired.com/photos/65ce9b13fefe70e27faab041/191:100/w_1280,c_limit/X-Verified-Terrorist-Groups-Security-GettyImages-1258608535.jpg",2024-02-15T23:17:55Z,"A watchdog group's investigation found that terrorist group Hezbollah and other US-sanctioned entities have accounts with paid check marks on X, the Elon Muskowned social network that still resides a… [+4125 chars]",wired,Wired
Mikhaila Friel,Even the Kremlin called out Tucker Carlson for his diatribe against the media,"The ex-Fox News host claimed that ""not a single Western journalist has bothered to interview"" the Russian president since the war in Ukraine began.",https://www.businessinsider.com/tucker-carlson-putin-interview-kremlin-false-statement-western-media-moscow-2024-2,https://i.insider.com/65c3a7656fcb546d2d4cfafe?width=1200&format=jpeg,2024-02-07T17:01:04Z,"Tucker Carlson is set to interview Putin.Jason Koerner/Getty Images, LUDOVIC MARIN/AFP via Getty Images
<ul><li>Tucker Carlson is facing backlash for stating that Western media hasn't tried to inter… [+3213 chars]",business-insider,Business Insider
Ayelet Sheffey,Trump criticizes Fed Chair Powell for considering interest rate cuts this year to 'help the Democrats' win elections,"Former President Donald Trump told Fox News that if he gets re-elected, he won't reappoint Fed's Jerome Powell due to his interest rate decisions.",https://www.businessinsider.com/trump-interest-rate-cuts-powell-help-democrats-win-elections-inflation-2024-2,https://i.insider.com/65bd0d1d6fcb546d2d4b8f0b?width=1200&format=jpeg,2024-02-02T16:16:52Z,"Fed Chair Jerome Powell, former President Donald Trump.Anna Moneymaker/Getty Images
<ul><li>Trump accused Fed Chair Powell of making politically motivated decisions on interest rates.</li><li>He sai… [+2776 chars]",business-insider,Business Insider
Sophie Atkinson,"Google strikes a deal with Reddit to boost AI possibilities, reportedly for $60M/year","The partnership between the multinational technology company and social news aggregation is set to strengthen as an ‘expanded partnership’ has […]
The post Google strikes a deal with Reddit to boost AI possibilities, reportedly for $60M/year appeared first on…",https://readwrite.com/google-strikes-a-deal-with-reddit-to-boost-ai-possibilities-reportedly-for-60m-year/,https://readwrite.com/wp-content/uploads/2024/02/pexels-brett-jordan-5437588-1-scaled.jpg,2024-02-23T10:12:47Z,"The partnership between the multinational technology company and social news aggregation is set to strengthen as an expanded partnership has been announced.
This pairing will work together to create… [+1674 chars]",,ReadWrite
msmash,'Step Away From CNBC',"Andrew Feinberg, writing for Slate: If you wanted to design a financial channel that would cause investors to underperform the stock market, you'd create CNBC, NBC's financial counterpart that runs on cable news and ostensibly tries to make viewers better inv…",https://slashdot.org/story/24/02/20/0325234/step-away-from-cnbc,https://a.fsdn.com/sd/topics/business_64.png,2024-02-20T06:02:00Z,"If you wanted to design a financial channel that would cause investors to underperform the stock market, you'd create CNBC, NBC's financial counterpart that runs on cable news and ostensibly tries to… [+1590 chars]",,Slashdot.org
Huileng Tan,China's economy looks like a mess — but some sectors are quietly doing well in its '2-speed economy',"""Consistent bad news from the property sector has overshadowed more resilient parts of the economy,"" analysts at AllianceBernstein wrote.",https://www.businessinsider.com/china-two-speed-economy-sectors-thriving-new-three-green-sustanability-travel-2024-2,https://i.insider.com/65d70b7df533b039a885de4d?width=1200&format=jpeg,2024-02-29T03:44:50Z,"Tourists wearing flowery headwear visit Xunpu Village in Quanzhou, Fujian Province of China.Zhang Bin/China News Service/VCG via Getty Images
<ul><li>China's economy is struggling, with a 30-year lo… [+6210 chars]",business-insider,Business Insider
Rebecca Rommen,"Morocco's hashish dealers boycott Israeli traffickers in solidarity with Gaza, says report","Dealers of highly-prized Moroccan hashish are severing ties with Israeli drug smugglers to show solidarity with Gaza's Palestinians, said a report.",https://www.businessinsider.com/moroccos-cannabis-dealers-boycott-israeli-traffickers-in-gaza-solidarity-report-2024-2,https://i.insider.com/65cf52f7a610a9069d59b220?width=1200&format=jpeg,2024-02-17T11:21:15Z,"A man walks in a cannabis field in the village of Azila in Morocco's Ketama region at the foot of the mountainous region of Rif on September 16, 2022.FADEL SENNA
<ul><li>Dealers of highly-prized Mor… [+3520 chars]",business-insider,Business Insider
Tim Bontemps and Bobby Marks,Why any NBA trade this week comes with massive financial risk,This is the final trade deadline before harsh restrictions to curb spending kick in this summer. Front offices are already feeling the heat.,https://www.espn.com/nba/story/_/id/39438109/nba-trade-deadline-why-nba-trade-week-comes-massive-financial-risk,https://a1.espncdn.com/combiner/i?img=%2Fphoto%2F2024%2F0205%2Fr1287035_1296x729_16%2D9.jpg,2024-02-05T13:30:23Z,"The NBA trade deadline is Thursday, and contenders are putting finishing touches on their rosters ahead of crowded postseason pushes in each conference.
But while this week is significant every year… [+12257 chars]",espn,ESPN
Jenny List,Will There Be Any Pi Left For Us?,"Our world has been abuzz with the news that Raspberry Pi are to float on the London Stock Exchange. It seems an obvious move for a successful and ambitious company, and as they seem to be in transi…",https://hackaday.com/2024/02/02/will-there-be-any-pi-left-for-us/,https://hackaday.com/wp-content/uploads/2022/02/RaspberryPi10.jpg,2024-02-02T18:00:18Z,"Our world has been abuzz with the news that Raspberry Pi are to float on the London Stock Exchange. It seems an obvious move for a successful and ambitious company, and as they seem to be in transiti… [+3808 chars]",,Hackaday
Alia Shoaib,Former Trump White House economic advisor lauds the US economy's performance under Biden: 'I was wrong',"""If I were he, I would be bragging about it too,"" Larry Kudlow said about Biden's reaction to new GDP data.",https://www.businessinsider.com/trumps-former-advisor-admits-biden-brag-the-strong-us-economy-2024-2,https://i.insider.com/65bd1a4b6fcb546d2d4b9fa9?width=1200&format=jpeg,2024-02-03T11:08:56Z,"President Joe Biden speaks at a campaign event in Blue Bell, Pennsylvania on January 5, 2024.Matt Rourke/AP
<ul><li>Trump's former White House economic advisor said that his predictions of a recessi… [+2189 chars]",business-insider,Business Insider
Brian-Damien Morgan,Nintendo Switch 2 rumored to house custom Nvidia chip,"The Switch 2 has the rumor mills of the gaming world turning and fans are holding their breath for a […]
The post Nintendo Switch 2 rumored to house custom Nvidia chip appeared first on ReadWrite.",https://readwrite.com/nintendo-switch-2-rumored-to-house-custom-nvidia-chip/,https://readwrite.com/wp-content/uploads/2024/01/mintendo_switch_original.jpg,2024-02-12T17:32:29Z,"The Switch 2 has the rumor mills of the gaming world turning and fans are holding their breath for a Nintendo update.
For the past five years, the Japanese gaming titan has held an event consecutive… [+2321 chars]",,ReadWrite
Brian-Damien Morgan,Treasury’s Office of Foreign Assets Control sanctions six Iranian officials,"The Department of the Treasury’s Office of Foreign Assets Control (OFAC) has sanctioned Iranian officials linked to cyber activities against […]
The post Treasury’s Office of Foreign Assets Control sanctions six Iranian officials appeared first on ReadWrite.",https://readwrite.com/treasurys-office-of-foreign-assets-control-sanctions-six-iranian-officials/,https://readwrite.com/wp-content/uploads/2024/02/pexels-engin-akyurt-16033963-1-scaled.jpg,2024-02-05T17:32:40Z,The Department of the Treasurys Office of Foreign Assets Control (OFAC) has sanctioned Iranian officials linked to cyber activities against critical infrastructure in the United States and other coun… [+2335 chars],,ReadWrite
"Aaron Katersky, Peter Charalambous",NY AG says she may seize Trump's buildings if he can't pay his $354M civil fraud fine,New York AG Letitia James tells ABC News that she is prepared to seize Donald Trump's assets if he is unable to pay the $354 million fine in his civil fraud case.,https://abcnews.go.com/US/letitia-james-shes-prepared-seize-trumps-assets-pay/story?id=107381482,https://i.abcnewsfe.com/a/f358c2a2-6ff1-4954-9a5b-c5ff66d3bfc3/James-file-2-gty-ml-240220_1708457880152_hpMain_16x9.jpg?w=1600,2024-02-20T21:55:57Z,"Four days after a judge ordered former President Donald Trump to pay $354 million in his civil fraud case, New York Attorney General Letitia James told ABC News that she is prepared to seize the form… [+2163 chars]",abc-news,ABC News
Dan DeFrancesco,The odds of no interest-rate cuts in 2024 are growing,"In today's big story, we're looking at the chances of there being no rate cuts this year, and how the markets would react.",https://www.businessinsider.com/interest-rate-cuts-delay-2024-federal-reserve-markets-2024-2,https://i.insider.com/65d4ba40a610a9069d5a7935?width=1200&format=jpeg,2024-02-20T14:43:03Z,"Federal Reserve Board Chairman Jerome Powell speaks during a news conference after a Federal Open Market Committee meeting on November 01, 2023 at the Federal Reserve in Washington, DC. The Federal R… [+7601 chars]",business-insider,Business Insider
stevenshaw444@gmail.com (Steven Shaw),Samsung Galaxy Ring may last almost ten days,Reports from Korea suggest that the Galaxy Ring will go 5-9 days between charges.,https://www.androidcentral.com/wearables/samsung-galaxy-ring-may-last-almost-ten-days,https://cdn.mos.cms.futurecdn.net/7NKUrcvKWqnTAAcFELXv93-1200-80.jpg,2024-03-01T18:00:28Z,"<ul><li>After being teased at a Galaxy Unpacked event, the Galaxy Ring was officially showcased at MWC 2024.</li><li>The Galaxy ring will be Samsung’s first attempt at a smart ring and will compete a… [+2310 chars]",,Android Central
techkritiko@gmail.com (Jay Bonggolto),Paramount Plus and Peacock might be the next streaming platforms to merge,"Two streaming services, Paramount+ and Peacock, might be joining forces to survive the streaming war.",https://www.androidcentral.com/streaming-tv/paramount-plus-and-peacock-considering-merger,https://cdn.mos.cms.futurecdn.net/g3Hq9jboknCFbo4igJ6x3U-1200-80.jpg,2024-02-18T15:21:36Z,"<ul><li>Paramount Global and Comcast are in talks about a potential joint venture or partnership in the streaming industry.</li><li>Comcast, known for its live sports broadcasts, and Paramount Plus m… [+2467 chars]",,Android Central
Sam Fels,Have the Premier League’s financial rules kept Newcastle from being Newcastle?,"While the Premier League’s Profit and Sustainability Rules might have lost a shade or two off their teeth with the news today that Everton have had their 10-point penalty reduced to six on appeal (though they have another charge to dodge), that doesn’t mean t…",https://deadspin.com/newcastle-premier-league-arsenal-manchester-united-1851287196,"https://i.kinja-img.com/image/upload/c_fill,h_675,pg_1,q_80,w_1200/3f36f0d3421a7369c339bcbd106c7cf4.jpg",2024-02-26T18:15:00Z,While the Premier Leagues Profit and Sustainability Rules might have lost a shade or two off their teeth with the news today that Everton have had their 10-point penalty reduced to six on appeal (tho… [+7863 chars],,Deadspin
MarketWatch,These mutual fund and ETF investing tips can help you avoid the market’s traps,"Beating an index, more about the “Magnificent Seven,” and AI’s impact on financial advice.",https://www.marketwatch.com/story/these-mutual-fund-and-etf-investing-tips-can-help-you-avoid-the-markets-traps-bdbd19dd,https://images.mktw.net/im-677476/social,2024-02-15T13:18:00Z,"Sign up here to get MarketWatchs highlights of the most timely ETF news emailed to you weekly!Fund managers are no longer forecasting a U.S. recession for the first time in a year and half, according… [+2011 chars]",,MarketWatch
Chris Boccia,Iranian women tell why they openly flout hijab rules,"""We Iranian girls are not afraid of anything anymore,"" one told ABC News.",https://abcnews.go.com/International/iranian-women-openly-flout-hijab-rules/story?id=107259738,https://i.abcnewsfe.com/a/c3a41d47-068c-4f78-9738-63892d3c9073/iran-police-rt-ps-230724_1690215581995_hpMain_16x9.jpg?w=1600,2024-02-17T00:49:17Z,"""We Iranian girls are not afraid of anything anymore,"" said Maedeh, a 26-year-old sports trainer who was not wearing a required headscarf when she spoke with ABC News on a recent reporting trip to Te… [+7005 chars]",abc-news,ABC News
Brett Arends,These are your chances of getting dementia — with potentially ‘catastrophic’ financial results,About half of those in their late 80s are affected by dementia or cognitive impairment.,https://www.marketwatch.com/story/these-are-your-chances-of-getting-dementia-with-potentially-catastrophic-financial-results-96134846,https://images.mktw.net/im-60945671/social,2024-02-13T16:12:00Z,"What are your chances of ending up in old age with cognitive impairment or full-blown dementia?If you think, slim or none, try again.For those over 50, the full lifetime odds may be as high as 67%. S… [+5270 chars]",,MarketWatch
"Aaron Katersky, Luke Barr","Vince McMahon, former WWE exec, under federal investigation: Sources","Former WWE executive Vince McMahon is under a federal investigation as he grapples with sex trafficking allegations by an ex-employee, sources told ABC News.",https://abcnews.go.com/US/vince-mcmahon-former-wwe-exec-federal-investigation-sources/story?id=106897582,https://i.abcnewsfe.com/a/a6f4212e-302d-4ebf-8d16-ee2511c68f00/Vince-McMahon-1-gty-thg-240202_1706886816092_hpMain_16x9.jpg?w=1600,2024-02-02T17:11:10Z,"Former WWE executive and personality Vince McMahon, 78, is under a federal investigation as he grapples with sex trafficking allegations by an ex-employee, sources familiar with the matter told ABC N… [+2316 chars]",abc-news,ABC News
George Glover,The US economy is booming — but Japan and the UK just slipped into recession. Here's why.,"The economies in both Japan and the UK contracted in the last three months of 2023, signaling a recession in two G7 countries.",https://www.businessinsider.com/recession-outlook-japan-uk-low-growth-yen-pound-rishi-sunak-2024-2,https://i.insider.com/65ce3b0ca610a9069d59427d?width=1200&format=jpeg,2024-02-15T16:44:55Z,"Smith Collection/Gado
<ul><li>Two of the world's biggest economies are officially in recession, per new figures published Thursday.</li><li>Japan posted a surprise contraction in GDP, dragged down b… [+3123 chars]",business-insider,Business Insider
Mikhaila Friel,Angry Chinese people are using a US embassy social-media page to dodge censors and vent about its slumping economy,Chinese investors have used a social media account belonging to the US Embassy to voice concerns about the economy while avoiding being censored.,https://www.businessinsider.com/china-investors-stock-market-censorship-economy-us-embassy-social-2024-2,https://i.insider.com/65c0dbca43bb77284ba37347?width=1200&format=jpeg,2024-02-05T14:03:41Z,"The Beijing skyline.Construction Photography/Avalon / Contributor
<ul><li>A social-media account belonging to China's US Embassy is being flooded by angry investors.</li><li>Thousands have commented… [+3348 chars]",business-insider,Business Insider
Huileng Tan,Russians are freezing as Soviet-era infrastructure in the country crumbles —and Moscow keeps spending on war,"Funding for public utilities made up just 2.2% of Russia's total expenditure in 2023. Meanwhile, Moscow blew 21% of its budget on defense.",https://www.businessinsider.com/russia-economy-winter-freeze-soviet-infrastructure-heating-fails-war-spending-2024-2,https://i.insider.com/65c1932743bb77284ba3d94e?width=1200&format=jpeg,2024-02-06T06:03:56Z,"Russia is experiencing a harsh winter.Sefa Karacan/Anadolu/Getty Images
<ul><li>Heating systems are breaking down in Russia's harsh winter, leaving many people freezing.</li><li>Much of Russia's Sov… [+2461 chars]",business-insider,Business Insider
Phil Rosen,China is reportedly scrubbing the internet of negative coverage of its economy,Beijing has been grappling with severe real estate troubles and a deep bear market in stocks. Reports this week say critics are being censored.,https://www.businessinsider.com/china-economy-investors-negative-economic-coverage-media-real-estate-stocks-2024-2,https://i.insider.com/65bd2fe943bb77284ba31f86?width=1200&format=jpeg,2024-02-02T18:56:37Z,"Multiple reports said Chinese authorities are scrubbing the internet of negative economic coverage.REUTERS/Denis Balibouse
<ul>
<li>The New York Times reported that China is erasing negative economi… [+2529 chars]",business-insider,Business Insider
Huileng Tan,"Russia has managed to skirt many of the West's sanctions, but they still come at a cost to Putin: economist","Russia has to pay intermediary fees to banks in China, Turkey, and Central Asia even if they are willing to transact in the face of Western sanctions.",https://www.businessinsider.com/russia-economy-circumvent-sanctions-china-turkey-banks-putin-price-2024-2,https://i.insider.com/65d6ab2ca610a9069d5b1b46?width=1200&format=jpeg,2024-02-22T04:48:28Z,"Russian President Vladimir Putin.Contributor via Getty Images
<ul><li>Sanctions against Russia work as they limit access to funding, technology, and oil revenues, an economist told The Conversation.… [+2194 chars]",business-insider,Business Insider
https://www.facebook.com/bbcnews,The Papers: Prince's call for peace and and Labour revolt threat,"Prince William's call for an ""end to the fighting as soon as possible"" in the Middle East, dominates many of Wednesday's front pages.",https://www.bbc.co.uk/news/blogs-the-papers-68355379,https://ichef.bbci.co.uk/news/1024/branded_news/D0FB/production/_132699435_papers.jpg,2024-02-21T00:47:08Z,"Image caption, Prince William's call for an ""end to the fighting as soon as possible"" in the Israel-Gaza conflict leads many of Wednesday's front pages. The Times says the Prince of Wales' message is… [+3896 chars]",bbc-news,BBC News
Reed Alexander,Inside the latest drama at Goldman Sachs that reportedly has some partners up in arms,"Two Goldman partners, Mark Sorrell and Gonzalo Garcia, are reportedly threatening to leave the firm after being left off a new leadership committee.",https://www.businessinsider.com/inside-the-latest-drama-goldman-sachs-mark-sorrell-stephan-feldgoise-2024-2,https://i.insider.com/65d781f8a3bd891424f94799?width=1200&format=jpeg,2024-02-22T17:34:02Z,"Paul Morigi/Getty Images; Jenny Chang-Rodriguez/Insider
<ul><li>Goldman Sachs recently established an investment-banking committee within its investment bank.</li><li>But, according to a new Financi… [+4300 chars]",business-insider,Business Insider
Katie Notopoulos,"Meet the DIPS parents: Double Income, Public School. They've got it better than the POLKs, or Parents of Little Kids.","Lots of parents can't afford childcare and a mortgage. At least the POLKs. Just wait until they become DIPS, or Double Income Public School'ers.",https://www.businessinsider.com/parents-paying-preschool-childcare-costs-new-term-dinks-dips-henry-2024-2,https://i.insider.com/65d90110ce7f1785b2e3981c?width=1200&format=jpeg,2024-02-25T09:51:01Z,"Children attending free public school, much to the delight of their parents' wallets.Archive Photos
<ul><li>Parents are divided economically among one key line: if their kids are old enough for publ… [+5534 chars]",business-insider,Business Insider
Kyle Orland,Reddit cashes in on AI gold rush with $203M in LLM training license fees,"Two- to three-year deals with Google, others, come amid legal uncertainty over ""fair use.""",https://arstechnica.com/ai/2024/02/reddit-has-already-booked-203m-in-revenue-licensing-data-for-ai-training/,https://cdn.arstechnica.net/wp-content/uploads/2024/02/GettyImages-676824236-760x380.jpg,2024-02-23T17:13:04Z,"Enlarge/ ""Reddit Gold"" takes on a whole new meaning when AI training data is involved.
43
The last week saw word leak that Google had agreed to license Reddit's massive corpus of billions of posts … [+3762 chars]",ars-technica,Ars Technica
Kyle Orland,Multiple reports suggest early 2025 launch for “Switch 2”,Nintendo's publishing partners were reportedly told of new plans last week.,https://arstechnica.com/gaming/2024/02/multiple-reports-suggest-early-2025-launch-for-switch-2/,https://cdn.arstechnica.net/wp-content/uploads/2017/02/newswitch-3-760x380.jpg,2024-02-19T17:17:16Z,"Enlarge/ I took this photo nearly seven years ago, and I'm still waiting for a new game console from Nintendo.
4
Throughout 2023, we saw multiplecrediblereports that Nintendo was planning to releas… [+3327 chars]",ars-technica,Ars Technica
,The Eagle Never Sleeps: one Kentucky newspaper still screams for press freedom,"Why one tiny newspaper in Whitesburg, Kentucky still screams for press freedom despite arson, abuse from the public and financial challenges.",https://strangersguide.com/articles/the-eagle-never-sleeps/,https://strangersguide.com/wp-content/uploads/2024/01/LEAD_-mom-and-dad-in-old-office-burned-in-1974-1.jpg,2024-02-08T20:22:22Z,"Tom Gish (foreground) and Pat, back left, in the old Eagle offices not long before the fire. Photo by Tom Bethell.
The fire started in a disused apartment in the back of the old stone building somet… [+34845 chars]",,Strangersguide.com
Luke Barr,"As threats against judges soar, some speak out","""These threat are real,"" one judge told ABC News.",https://abcnews.go.com/Politics/bankruptcy-judges-speak-dealing-threats/story?id=107687235,https://i.abcnewsfe.com/a/74e7556a-fbc4-436d-8c37-50c6f354ff8a/fbi-ap-ml-240229_1709232793077_hpMain_16x9.jpg?w=1600,2024-03-01T17:55:45Z,"A Greenville, South Carolina, man pleaded guilty on Friday for sending a threatening letter to a federal judge that read, in part, ""I have watched you leave the courthouse numerous times and plotted … [+4302 chars]",abc-news,ABC News
Breck Dumas,FedEx Founder Fred Smith: U.S. record debt 'unsustainable',"FedEx founder Fred Smith tells FOX News' ""Special Report"" the U.S. national debt is ""unsustainable,"" adding to growing list of business leaders sounding the alarm",https://www.foxbusiness.com/economy/fedex-founder-fred-smith-u-s-record-debt-unsustainable,https://a57.foxnews.com/static.foxbusiness.com/foxbusiness.com/content/uploads/2022/03/0/0/Fred-Smith-FedEx.jpg?ve=1&tl=1,2024-02-19T18:29:31Z,"FedEx founder and executive chairman Fred Smith is adding his name to the list of business leaders sounding the alarm over America's surging national debt, telling FOX News this week it is ""unsustain… [+2971 chars]",,Fox Business
Bryan Metzger,9 years through the revolving door: How the GOP's top Senate recruit in Michigan got rich after leaving Congress,"When Mike Rogers retired from the House, aides said he wanted to pursue something more lucrative. Disclosures show that he made that dream come true.",https://www.businessinsider.com/mike-rogers-revolving-door-michigan-senate-financial-disclosures-2024-2,https://i.insider.com/65c2a39b43bb77284ba43c12?width=1200&format=jpeg,2024-02-12T18:24:00Z,"Former Rep. Mike Rogers of Michigan speaks at an event in North Charleston, South Carolina on March 18, 2023.AP Photo/Meg Kinnard
<ul><li>Former Rep. Mike Rogers is running for Senate in Michigan af… [+6749 chars]",business-insider,Business Insider
Holly Johnson,Guide to Credit Card Balance Transfers - CNET,"CNET is the world's leader in tech product reviews, news, prices, videos, forums, how-tos and more.",https://www.cnet.com/personal-finance/credit-cards/guide-to-credit-card-balance-transfers/,https://www.cnet.com/a/neutron/images/logos/cnet.png,2024-02-27T13:15:00Z,"CNET Moneys mission is to help you maximize your financial potential. Our recommendations are based on our editors independent research and analysis, and we continuously update our content to reflect… [+47 chars]",,CNET
Nik Popli,"Taylor Swift Donates $100,000 to Family of Kansas City Chiefs Parade Shooting Victim","Taylor Swift has donated $100,000 to the family of the woman who was fatally shot at the Kansas City Chiefs Super Bowl parade.",https://time.com/6695963/taylor-swift-donation-kansas-city-chiefs-parade-shooting-victim/,https://api.time.com/wp-content/uploads/2024/02/GettyImages-2005150484.jpg?quality=85,2024-02-16T16:49:45Z,"Taylor Swift has donated $100,000 to the family of the woman who was fatally shot at the Kansas City Chiefs Super Bowl parade on Wednesday, a representative for the pop singer told Variety.
Friday m… [+2087 chars]",time,Time
Kelly Garrity,Former Messenger employees sue shuttered news site,The lawsuit alleges that The Messenger violated the WARN Act — a labor law that protects employees from mass layoffs or shutdowns.,https://www.politico.com/news/2024/02/01/class-action-lawsuit-the-messenger-00139212,https://static.politico.com/ae/51/798f5ec746608813d5f915891ae7/https-delivery-gettyimages.com/downloads/1946142216,2024-02-02T00:31:05Z,"The lawsuit alleges that the companys actions violated both federal and New York state labor protections under the WARN Act, and claims as many reporters from the company also did on social media Wed… [+1038 chars]",politico,Politico
Maxwell Nelson,OpenAI claims New York Times misused ChatGPT to fabricate lawsuit evidence,"OpenAI has requested a federal judge to dismiss parts of a copyright lawsuit filed by The New York Times, accusing […]
The post OpenAI claims New York Times misused ChatGPT to fabricate lawsuit evidence appeared first on ReadWrite.",https://readwrite.com/openai-claims-new-york-times-misused-chatgpt-to-fabricate-lawsuit-evidence/,https://readwrite.com/wp-content/uploads/2024/02/DALL·E-2024-02-27-20.48.18-Design-an-image-that-visualizes-the-legal-battle-between-OpenAI-and-The-New-York-Times-over-AI-and-copyright-law.-The-graphic-should-feature-the-iconi.webp,2024-02-27T19:51:57Z,"OpenAI has requested a federal judge to dismiss parts of a copyright lawsuit filed by The New York Times, accusing the newspaper of employing deceptive tactics to generate misleading evidence, accord… [+2910 chars]",,ReadWrite
Zack Zwiezen,"Subnautica 2 Devs Quickly Clarify That, No, The Game Isn’t A Live-Service Thing","Video game publisher Krafton released a report that seemed to imply underwater survival sim Subnautica 2 would be a multiplayer-focused live-service game, which disappointed and frustrated many fans. But now the devs have quickly clarified that no, this isn’t…",https://kotaku.com/is-subnautica-2-live-service-krafton-release-date-1851240327,"https://i.kinja-img.com/image/upload/c_fill,h_675,pg_1,q_80,w_1200/824810f6a7c5d541026091557655586c.jpg",2024-02-08T21:00:00Z,"Video game publisher Krafton released a report that seemed to imply underwater survival sim Subnautica 2 would be a multiplayer-focused live-service game, which disappointed and frustrated many fans.… [+2854 chars]",,Kotaku
Hanna Horvath,How small businesses can adapt as more states ban ‘cashless-only’ transactions,Laws to expand financial inclusion have many small-business owners rethinking a fundamental premise of their business plans.,https://www.marketwatch.com/story/how-small-businesses-can-adapt-as-more-states-ban-cashless-only-transactions-6b0c3648,https://images.mktw.net/im-52602423/social,2024-02-20T10:03:00Z,"Companies that went cashless in the past few years, whether to increase the speed of transactions or reduce the theft of cash, are experiencing some whiplash.Take salad chain Sweetgreen 
 SG,
 -1.2… [+8300 chars]",,MarketWatch
Phil Galewitz,Hospitals are fighting a Medicare payment fix that would save tax dollars,"Medicare pays hospitals about double what it pays other providers for the same services. The hospital lobby is fighting hard to make sure a switch to ""site-neutral payments"" doesn't become law.",https://www.npr.org/sections/health-shots/2024/02/13/1230991999/medicare-hospital-site-neutral-payment-cut,https://media.npr.org/assets/img/2024/02/12/capitol_wide-8001ae6feef38130dab1796857f86ade1f371f1e-s1400-c100.jpg,2024-02-13T10:00:45Z,A House-passed bill would equalize what Medicare pays when certain infusions are given in a hospital with what it pays when they're given in other health care settings. The hospital lobby is fighting… [+6631 chars],,NPR
Brett Arends,Hotter-than-forecast inflation data made a bad month worse for Joe Biden,And bad news for Biden is good news for Donald Trump.,https://www.marketwatch.com/story/hotter-than-forecast-inflation-data-made-a-bad-month-worse-for-joe-biden-8fdc90c6,https://images.mktw.net/im-79322181/social,2024-02-13T20:31:00Z,A bad month for Joe Biden just got worse.The latest numbers show inflation is still running hotter than Fed chair Jay Powell and the Biden administration would like. The markets think that means shor… [+7699 chars],,MarketWatch
"Juliana Kaplan,Madison Hoff",The 10 big US cities with the worst 'singles tax' on renters living alone,"Single New Yorkers are paying over $20,000 more a year to live alone.",https://www.businessinsider.com/rent-higher-singles-tax-living-alone-new-york-san-francisco-2024-2,https://i.insider.com/65cbdd6f94aa8ee8e84b00e4?width=1200&format=jpeg,2024-02-14T15:14:17Z,"VLADIMIR VLADIMIROV/Getty Images
<ul><li>The ""singles tax"" for solo renters has increased to an annual average of $7,110.</li><li>New York City has the highest singles tax among major cities analyze… [+4371 chars]",business-insider,Business Insider
https://www.facebook.com/bbcnews,Free tuition a 'beacon of hope' for med students,"After a former professor donated $1bn the Bronx school, students see hope for expanding access to a medical education",https://www.bbc.co.uk/news/world-us-canada-68421015,https://ichef.bbci.co.uk/news/1024/branded_news/113A5/production/_132756507_processed-e5115dd9-057c-4c4e-8c28-f7957560c305.jpg,2024-02-28T02:37:03Z,"Media caption, Watch: 'I don't have to work two jobs' - Medical student after cancelled tuition
Yuliana Dominguez Paez, a 24-year-old student at the Albert Einstein College of Medicine, was going to… [+5972 chars]",bbc-news,BBC News
ABC NEWS,"Israel-Gaza live updates: Nasser Hospital no longer 'functional,' WHO chief says",Live updates on the Israel-Hamas war.,https://abcnews.go.com/International/live-updates/israel-gaza-hamas-war/?id=107334442,https://s.abcnews.com/images/International/gaza-nasser_1708253497307_hpMain_16x9_1600.jpg,2024-02-19T09:02:18Z,Brazilian President Luiz Inacio Lula da Silva has prompted the fury of Israeli officials by comparing Israel's war against Hamas terrorists in the Gaza Strip to the Nazi genocide during World War II.… [+1419 chars],abc-news,ABC News
Small Business Editor,In the News: Grants of Up to $250K Availalbe for Small Businesses,There grants of up to $250K up for grabs for small business owners willing to address vacant and renovation projects in their communities.,https://smallbiztrends.com/2024/02/small-business-news-roundup-february-9-2024.html,https://smallbiztrends.com/wp-content/themes/sahifa/images/logo-full.jpg,2024-02-09T17:00:57Z,Grants for businesses taking on vacant storefronts provide support for revitalizing commercial areas. Targeting businesses willing to occupy vacant storefronts benefits businesses and the community.
… [+3712 chars],,Small Business Trends
ABC NEWS,"Israel-Gaza live updates: Nasser Hospital no longer 'functional,' WHO chief says",Live updates on the Israel-Hamas war.,https://abcnews.go.com/International/live-updates/israel-hamas-war-netanyahu-hostages-deal/?id=107334442,https://s.abcnews.com/images/International/gaza-nasser_1708253497307_hpMain_16x9_1600.jpg,2024-02-19T05:10:09Z,Brazilian President Luiz Inacio Lula da Silva has prompted the fury of Israeli officials by comparing Israel's war against Hamas terrorists in the Gaza Strip to the Nazi genocide during World War II.… [+1419 chars],abc-news,ABC News
Siôn Geschwindt,Spain to fine Booking nearly €500M for elbowing out smaller firms,"The parent company of Amsterdam-based Booking.com faces a record fine from Spain’s antitrust watchdog, as Europe steps up its efforts to crack down on tech giants and create breathing room for smaller companies. Following a probe launched in 2022, Spain’s Nat…",https://thenextweb.com/news/spain-booking-fine-antitrust-competition-eu-dma,https://img-cdn.tnwcdn.com/image/tnw-blurple?filter_last=1&fit=1280%2C640&url=https%3A%2F%2Fcdn0.tnwcdn.com%2Fwp-content%2Fblogs.dir%2F1%2Ffiles%2F2023%2F06%2FUntitled-design-4-3.jpg&signature=836918e26ff1d62d8bbe746e1dfc3fd7,2024-02-23T11:45:09Z,"The parent company of Amsterdam-based Booking.com faces a record fine from Spains antitrust watchdog, as Europe steps up its efforts to crack down on tech giants and create breathing room for smaller… [+1991 chars]",the-next-web,The Next Web
Briana Stewart,"Inflation is falling, but these Michigan Biden voters say 'it does not feel like' it",Biden voters in Michigan speak about how inflation and prices influence their dour views of the economy ahead of the 2024 election,https://abcnews.go.com/Politics/inflation-falling-biden-voters-michigan-feel/story?id=107557241,https://i.abcnewsfe.com/a/3929a115-2594-4a56-9d06-71e13eff0d94/bad-economy-02-abc-jt-240227_1709050780816_hpMain_16x9t.jpg?w=1600,2024-02-27T18:22:49Z,"On the campaign trail, President Joe Biden is touting a post-COVID-19 economy that has roared back to life and continued to shatter expectations in recent months.
Worries of a recession are fading, … [+6024 chars]",abc-news,ABC News
Theron Mohamed,"The S&P 500 just cracked 5,000 points — but don't count on its stellar returns continuing","The S&P 500 touched 5,000 points for the first time Thursday, but its lofty valuation threatens to weigh on future performance, market veterans said.",https://markets.businessinsider.com/news/stocks/spx-record-stock-market-returns-buffett-siegel-cooperman-malkiel-shilling-2024-2,https://i.insider.com/5c10fc3ebde70f3613516f61?width=1200&format=jpeg,2024-02-09T13:00:25Z,"The S&P 500 touched 5,000 points for the first time on Thursday.Getty Images
<ul>
<li>The S&P 500 set a new milestone on Thursday when it briefly passed 5,000 points for the first time.</li>
<li>The… [+3857 chars]",business-insider,Business Insider
Tim Daubenschütz,iOS 17.4 is also an attack on crypto,"If you have followed the news lately, you might have come across articles about Apple’s iOS 17.4 update and how it relates to “Progressive Web Apps” (otherwise known as “PWAs”). The gist of the story is that Apple is going to release the iOS 17.4 update soon,…",https://bootstrappingkiwi.substack.com/p/ios-174-is-also-an-attack-on-crypto,"https://substackcdn.com/image/fetch/w_1200,h_600,c_fill,f_jpg,q_auto:good,fl_progressive:steep,g_auto/https%3A%2F%2Fsubstack-post-media.s3.amazonaws.com%2Fpublic%2Fimages%2F7ed54a8d-9507-419d-8308-02d3b89ae50b_739x1600.jpeg",2024-02-26T17:47:12Z,"If you have followed the news lately, you might have come across articles about Apples iOS 17.4 update and how it relates to Progressive Web Apps (otherwise known as PWAs).
The gist of the story is … [+10409 chars]",,Substack.com
Joshua Zitser,"A woman who was charged $1,000 for Subway sandwiches got her refund 7 weeks later — as a fistful of cash","Letitia Bishop, who was erroneously charged $1,021.50 for a Subway order, finally received a cash refund after nearly two months of trying.",https://www.businessinsider.com/woman-finally-refunded-1k-subway-sandwich-charge-months-fistful-cash-2024-2,https://i.insider.com/65dcbc78ce7f1785b2e3df5b?width=1200&format=jpeg,2024-02-26T17:06:46Z,"A wad of cash, left, received by Letitia Bishop, right, after she was overcharged for a Subway sandwich.Courtesy of Letitia Bishop
<ul><li>Letitia Bishop was charged $1,021.50 for a Subway order. Sh… [+2902 chars]",business-insider,Business Insider
Theron Mohamed,"Pricey stocks and homes, shaky banks, office turmoil, and people's debt woes are all worrying the Fed","Federal Reserve researchers flagged lofty asset valuations, commercial real estate pressures, vulnerable banks, and cash-strapped consumers as concerns.",https://www.businessinsider.com/fed-minutes-stocks-house-prices-banks-commercial-real-estate-debt-2024-2,https://i.insider.com/65d73673f533b039a885e272?width=1200&format=jpeg,2024-02-22T14:29:46Z,"Federal Reserve Board Chairman Jerome Powell.Yuri Gripas/Reuters
<ul><li>Fed staff flagged pricey stocks and homes, offices, banks, and cash-strapped consumers as concerns.</li><li>They warned that … [+3303 chars]",business-insider,Business Insider
Joshua Zitser,Lauren Boebert's son was arrested over a spate of thefts as his mom tries to convince voters to look past her chaotic family life,"Lauren Boebert's son, Tyler Boebert, was arrested on Tuesday and is facing 22 charges, adding more chaos to a campaign overshadowed by family drama.",https://www.businessinsider.com/lauren-boebert-son-tyler-arrested-family-drama-2024-republican-campaign-2024-2,https://i.insider.com/65df0d2cce7f1785b2e46ba0?width=1200&format=jpeg,2024-02-28T11:08:57Z,"Colorado Rep. Lauren Boebert with her ex-husband and four sons.Lauren Boebert for Congress
<ul><li>Lauren Boebert's son, Tyler Boebert, was arrested on Tuesday afternoon.</li><li>He's facing 22 char… [+3455 chars]",business-insider,Business Insider
Jennifer Sor,"Steep rate cuts are coming as the job market looks poised to weaken, Wells Fargo strategist says","The job market is probably only half as strong as it looks on the surface, Wells Fargo strategist Erik Nelson said.",https://www.businessinsider.com/fed-rate-cuts-outlook-recession-economy-job-market-unemployment-rate-2024-2,https://i.insider.com/5f2c43f84dca6848841c3d26?width=1200&format=jpeg,2024-02-20T17:09:05Z,"Sarah Silbiger/Getty Images
<ul>
<li>The Fed could slash rates more than expected in 2024, Wells Fargo strategist Erik Nelson said. </li>
<li>That's because the job market is likely weaker than it l… [+2985 chars]",business-insider,Business Insider
Phil Rosen,The office market is so bleak that Canada's largest pension fund sold its stake in an NYC building for $1,"Canada's biggest pension fund sold a stake in a New York office it had plans to redevelop for a buck, per Bloomberg.",https://www.businessinsider.com/commercial-real-estate-office-crash-pension-fund-stake-property-values-2024-2,https://i.insider.com/65de2fff90413ab8e1d73130?width=1200&format=jpeg,2024-02-27T20:03:55Z,"A Canadian pension fund sold its stake in a New York office building for $1.AerialPerspective Images
<ul>
<li>Canada's largest pension fund sold a stake in a New York building for $1.</li>
<li>Crash… [+3175 chars]",business-insider,Business Insider
Harry Fairhead,NTP Timelord Dies,"Programming book reviews, programming tutorials,programming news, C#, Ruby, Python,C, C++, PHP, Visual Basic, Computer book reviews, computer history, programming history, joomla, theory, spreadsheets and more.",https://www.i-programmer.info/news/82-heritage/16929-ntp-timelord-dies.html,,2024-02-02T05:09:07Z,"David Mills, the inventor, in 1985, of Network Time Protocol (NTP) which synchronizes computer clocks across different computer systems and networks, passed away on January 17, 2024, at the age of 85… [+3104 chars]",,I-programmer.info
Karen Zamora,Violent crime is dropping fast in the U.S. — even if Americans don't believe it,"In 2020, the United States experienced one of its most dangerous years in decades. But in 2023, crime in America looked very different. That change may have gone unnoticed.",https://www.npr.org/2024/02/12/1229891045/police-crime-baltimore-san-francisco-minneapolis-murder-statistics,https://media.npr.org/assets/img/2024/02/08/gettyimages-1246453656_wide-2f9b394d4910f929be0fcf54180643fd7422b37f-s1400-c100.jpg,2024-02-12T10:01:11Z,"What you see depends a lot on what you're looking at, according to one crime analyst.
Robyn Beck/AFP via Getty Images
In 2020, the United States experienced one of its most dangerous years in decad… [+5634 chars]",,NPR
info@hypebeast.com (Hypebeast),Paris Fashion Week Begins and PUMA Forecasts “Tough” Times Ahead in This Week’s Top Fashion News,"This week in fashion covered the gambit of runways, business news, destinations fashion show announcements, new collaborations and more. Leading the charge was the start of Paris Fashion Week Fall/Winter 2024 for womenswear. Coming behind it was news about PU…",https://hypebeast.com/2024/3/top-fashion-news-paris-fashion-week-fw24-puma-jacquemus-nike-louis-vuitton,https://image-cdn.hypb.st/https%3A%2F%2Fhypebeast.com%2Fimage%2F2024%2F03%2FWeekly-Fashion-Roundup-March-1-tw.jpg?w=1080&cbr=1&q=90&fit=max,2024-03-01T23:41:36Z,"This week in fashion covered the gambit of runways, business news, destinations fashion show announcements, new collaborations and more. Leading the charge was the start of Paris Fashion Week Fall/Wi… [+5268 chars]",,HYPEBEAST
Heather Robertson Fortner,Til debt do us part: 5 strategies to reduce financial friction with your spouse and disagree better,Communicating well during money fights simply takes practice,https://www.marketwatch.com/story/til-debt-do-us-part-5-strategies-to-reduce-financial-friction-with-your-spouse-and-disagree-better-afdee9cc,https://images.mktw.net/im-36242126/social,2024-02-12T18:14:00Z,"Weve all been there. Your partner wants to prioritize a new roof for the house, but you feel strongly that accelerating the mortgage payments is more important, and neither of you feel comfortable sp… [+6501 chars]",,MarketWatch
Jacob Shamsian,E. Jean Carroll's lawyers demand Trump ponies up $83.3 million verdict and say he needs to prove he has the money,"Donald Trump's attempt to get out of paying amounts to ""the court filing equivalent of a paper napkin,"" E. Jean Carroll's lawyers say.",https://www.businessinsider.com/carroll-lawyers-demand-trump-pay-verdict-money-appeal-2024-2,https://i.insider.com/65e0d7716080194819fb52ca?width=1200&format=jpeg,2024-02-29T19:42:04Z,"Donald Trump and E. Jean Carroll.REUTERS/Andrew Kelly; Luiz C. Ribeiro/New York Daily News/Tribune News Service via Getty Images
<ul><li>E. Jean Carroll's lawyers demanded Trump pay the $83.3 millio… [+4061 chars]",business-insider,Business Insider
Frances Yue,"Bitcoin nears all-time high, but this rally is much different than 2021 record run","A weekly look at the most important news and moves in crypto, and what’s on the horizon in digital assets.",https://www.marketwatch.com/story/bitcoin-nears-all-time-high-but-this-rally-is-much-different-than-2021-record-run-8a88c18d,https://images.mktw.net/im-783732/social,2024-02-28T20:14:00Z,"Welcome back to Distributed Ledger. This is Frances Yue, crypto and markets reporter at MarketWatch.Bitcoin 
 BTCUSD,
 +6.15%
is seeing an impressive rally, as the crypto topped $64,000 briefly on… [+2314 chars]",,MarketWatch
Justin Gomez,White House to target Russia with 'major sanctions' in response to Navalny's death,"The White House will announce a new ""major sanctions"" package on Friday ""to hold Russia accountable"" in response to Alexei Navalny's death.",https://abcnews.go.com/Politics/white-house-target-russia-major-sanctions-response-navalnys/story?id=107372788,https://i.abcnewsfe.com/a/03724f15-fabd-494e-a436-566d6eaa89cd/navalny-gty-ml-240220_1708448413118_hpMain_16x9.jpg?w=1600,2024-02-20T17:07:39Z,"The White House will announce a new ""major sanctions"" package on Friday ""to hold Russia accountable"" for the death of Alexei Navalny, the longtime Russian opposition politician and critic of Russian … [+2016 chars]",abc-news,ABC News
Small Business Editor,"In the News: Don’t Miss Your Chance for Grants of up to $25,000","Don't miss your chance for grants of up to $25,000 that could help you small business with operations, mentorship, courses, safety and more.",https://smallbiztrends.com/2024/02/small-business-news-roundup-february-16-2024.html,https://smallbiztrends.com/wp-content/themes/sahifa/images/logo-full.jpg,2024-02-16T17:00:26Z,"Grants can be a lifeline for creatives because they give them the money they need to continue their projects. With these funds, they can try out new ideas, make new projects, and improve their work. … [+3184 chars]",,Small Business Trends
Max Zahn,What's driving the bitcoin surge?,The largest cryptocurrency has climbed more than 20% over the past four days.,https://abcnews.go.com/Business/driving-bitcoin-surge-experts-weigh/story?id=107674260,https://s.abcnews.com/images/Business/bitcoin-1-gty-rc-210513_1620916337167_hpMain_16x9_992.jpg?w=1600,2024-02-29T19:34:27Z,"Bitcoin is on a tear.
The largest cryptocurrency has soared more than 20% over the last four days, approaching an all-time high. By contrast, the S&amp;P 500 has dropped slightly over that period.
… [+3691 chars]",abc-news,ABC News
,Premier League: West Ham v Brentford - team news & build-up,Follow live text updates as West Ham host Brentford in the Premier League.,https://www.bbc.co.uk/sport/live/football/67793405,https:////m.files.bbci.co.uk/modules/bbc-morph-sport-seo-meta/1.23.3/images/bbc-sport-logo.png,2024-02-25T15:17:06Z,"Brentford have slipped down a place in the Premier League today and that's because of the big Everton news.
The Toffees' penalty for breaching Premier League financial rules has been reduced from 10… [+395 chars]",bbc-news,BBC News
Ellen Gutoskey,Crash Blossoms: 17 Funny News Headlines That Make No Sense,"From “Milk Drinkers Turn to Powder” to “Indian Ocean Talks,” these funny news headlines will make you say, “Wait, what?”",https://www.mentalfloss.com/posts/crash-blossoms-funny-news-headlines,"https://images2.minutemediacdn.com/image/upload/c_crop,w_1919,h_1079,x_0,y_0/c_fill,w_1440,ar_16:9,f_auto,q_auto,g_auto/images/voltaxMediaLibrary/mmsport/mentalfloss/01hnkvx8mqvptsfe8kyv.jpg",2024-02-20T17:02:00Z,"In 2009, Japan Today published the headline Violinist linked to JAL crash blossoms. The article concerned the accomplishments of violinist Diana Yukawa, whose father was a victim of 1985s devastating… [+9071 chars]",,Mental Floss
Mariah Ellis,Customers support North Carolina Japanese steakhouse after restaurant gets receipt with offensive message,"A post on social media not only shared a photo of the $71.38 bill with no tip, but it also included the message that employees said was offensive to both the...",https://www.qcnews.com/news/u-s/north-carolina/customers-support-north-carolina-japanese-steakhouse-after-restaurant-gets-receipt-with-offensive-message/,https://media.zenfs.com/en/wjzy_articles_340/11bd0cbe4f21b4cedc0e64a2e527a14e,2024-02-29T19:10:55Z,"GOLDSBORO, N.C. (WNCN) A receipt at a Japanese steakhouse in Goldsboro is getting a lot of attention.
A post on social media not only shared a photo of the $71.38 bill with no tip, but it also inclu… [+3781 chars]",,Qcnews.com
Brian-Damien Morgan,Embracer Group to sell Saber for $500m in latest cost cutting exercise,"Swedish company Embracer Group AB is set to sell Saber Interactive to a group of private investors for $500 million. […]
The post Embracer Group to sell Saber for $500m in latest cost cutting exercise appeared first on ReadWrite.",https://readwrite.com/embracer-group-to-sell-saber-fo-500m-in-latest-cost-cutting-exercise/,https://readwrite.com/wp-content/uploads/2024/03/09122022_97efb1cd3ae54d0facd6521dcf86ae41.jpeg,2024-03-01T17:11:51Z,"Swedish company Embracer Group AB is set to sell Saber Interactive to a group of private investors for $500 million.
Saber is one of the gaming publishing and development arms of parent company Embr… [+3446 chars]",,ReadWrite
"Will Steakin, John Santucci",Judge rules Nathan Wade's attorney must take the stand again in Trump case: Source,"A judge has ruled that Fulton County prosecutor Nathan Wade's attorney must retake the stand to testify on topics not covered by attorney-client privilege, sources say.",https://abcnews.go.com/Politics/judge-rules-nathan-wades-attorney-stand-trump-election/story?id=107565428,https://i.abcnewsfe.com/a/cff28c90-366b-470b-a5c5-0cc017776bd4/terrence-bradley-gty-lv-240226_1708994227105_hpMain_16x9.jpg?w=1600,2024-02-27T00:57:09Z,"A Fulton County judge has ruled that special prosecutor Nathan Wade's former law partner and divorce attorney, Terrence Bradley, must retake the stand in former President Donald Trump's Georgia elect… [+1817 chars]",abc-news,ABC News
Deanna Ritchie,Facebook/Meta — celebrating 20 years of astounding innovation and conflicting emotions,"In 2015, Facebook celebrated its 10th anniversary by introducing the “On This Day” feature, allowing users to revisit their past […]
The post Facebook/Meta — celebrating 20 years of astounding innovation and conflicting emotions appeared first on ReadWrite.",https://readwrite.com/facebook-meta-celebrating-20-years-of-astounding-innovation-and-conflicting-emotions/,https://readwrite.com/wp-content/uploads/2024/02/FacebookMeta.jpg,2024-02-04T13:00:52Z,"In 2015, Facebook celebrated its 10th anniversary by introducing the “On This Day” feature, allowing users to revisit their past posts. Today, we celebrate 20 years of the global phenomenon known as … [+15797 chars]",,ReadWrite
Wesley Yin-Poole,"PS5 Entering ‘The Latter Stage of Its Life Cycle’, Sony Says","After sales of the PlayStation 5 failed to meet expectations, Sony has said the console is entering “the latter stage of its life cycle.”",https://www.ign.com/articles/ps5-entering-the-latter-stage-of-its-life-cycle-sony-says,https://assets-prd.ignimgs.com/2023/10/09/ps5console-1696871037273.jpeg?width=1280,2024-02-14T10:20:04Z,"After sales of the PlayStation 5 failed to meet expectations, Sony has said the console is entering the latter stage of its life cycle.
Sony had set an ambitious target of 25 million PS5s sold durin… [+2233 chars]",ign,IGN
Rachel Kaser,PlayStation and Xbox need each other right now | Kaser Focus,"With Xbox bringing its games to PlayStation, Rachel Kaser believes these companies can do more good together than they can apart.",https://venturebeat.com/games/playstation-and-xbox-need-each-other-right-now-kaser-focus/,https://venturebeat.com/wp-content/uploads/2024/02/Controllers-PS5-XSX.jpg?w=1200&strip=all,2024-02-16T21:48:49Z,"Are you looking to showcase your brand in front of the gaming industrys top leaders? Learn more about GamesBeat Summit sponsorship opportunities here. 
After a week of anticipation, weve finally got… [+2555 chars]",,VentureBeat
Science X,Parental financial assistance for home ownership may increase risk of financial elder abuse,"Parents offering their children a leg-up on the property ladder are at increased risk of financial elder abuse, according to a new study published in the Australian Journal of Social Issues.",https://phys.org/news/2024-02-parental-financial-home-ownership-elder.html,https://scx2.b-cdn.net/gfx/news/hires/2024/home-owner.jpg,2024-02-22T18:08:02Z,"Parents offering their children a leg-up on the property ladder are at increased risk of financial elder abuse, according to a new study published in the Australian Journal of Social Issues.
Led by … [+2134 chars]",,Phys.Org
Cork Gaines,What it takes to become a resident of Puerto Rico to gain the tax breaks — and what you have to give up,"Becoming a citizen of Puerto Rico isn't difficult for US citizens, but it comes with some strict rules if you want tax breaks.",https://www.businessinsider.com/puerto-rico-act-60-tax-breaks-bona-fide-citizen-residency-2024-2,https://i.insider.com/65c3d18e6fcb546d2d4d262a?width=1200&format=jpeg,2024-02-09T10:07:02Z,"Puerto Rico has a lot to offer visitors and residents, with its beautiful beaches, forests filled with abundant wildlife, a generally laid-back lifestyle, and even a major city in San Juan that is of… [+7229 chars]",business-insider,Business Insider
Dan DeFrancesco,What the latest inflation data means for interest rates,"In today's big story, we're looking at what a hotter-than-expected inflation report means for markets and the economy.",https://www.businessinsider.com/inflation-data-impact-on-fed-interest-rate-cut-2024-2,https://i.insider.com/65ccd21594aa8ee8e84b2f0a?width=1200&format=jpeg,2024-02-14T14:47:16Z,"Getty Images
<ul><li>This post originally appeared in the Insider Today newsletter.</li><li>You can sign up for Business Insider's daily newsletter here.</li></ul>Happy Valentine's Day! Don't worry … [+6433 chars]",business-insider,Business Insider
Steve Gelsi,New York Community Bancorp ‘is on its own’ to work out accounting mess: analyst,"Parent of Flagstar bank’s stock tanks after it takes $2.4 billion charge, discloses material weakness",https://www.marketwatch.com/story/new-york-community-bancorp-is-on-its-own-to-work-out-accounting-mess-analyst-4e132998,https://images.mktw.net/im-99051667/social,2024-03-01T12:13:00Z,New York Community Bancorp Inc. is on its to own to figure out its accounting and other issues as it gears up to update its financials in the coming weeks.Thats according to Citigroup analyst Keith H… [+2112 chars],,MarketWatch
Rebekah Valentine,'I Stopped Believing in Myself': Game Developers Share the Human Impact of Over a Year of Mass Layoffs,"Mass layoffs happen for all kinds of reasons, be it because of a bad financial bet, a failed game, a deal falling through, poor planning, or any number of other things. But when they do, human beings find their lives upended in response.",https://www.ign.com/articles/game-developers-mass-layoffs-human-impact-sony-ea,https://assets-prd.ignimgs.com/2024/02/29/humancost-blogroll-1709230563886.jpg?width=1280,2024-03-01T17:00:00Z,"Earlier this week, 900 individuals were laid off from Sony PlayStation. The affected studios included well-known developers Insomniac Games, Naughty Dog, and Guerrilla Games, with PlayStation London … [+15482 chars]",ign,IGN
Andy Maxwell,“Perfect” Piracy Shield & Propaganda: Blocking Blunders Branded “Fake News”,"Just three weeks after launch, Italy's Piracy Shield blocking system is set for expansion. The news was revealed by the head of AGCOM and local anti-piracy group FAPAV, who also addressed media reports that overblocking is already affecting innocent parties. …",https://torrentfreak.com/fake-news-propaganda-props-up-piracy-shield-errors-dismissed-as-lies-240225/,https://torrentfreak.com/images/skullsfeat.jpg,2024-02-25T08:43:29Z,"Italy’s Piracy Shield blocking platform is the mechanism through which sports rightsholders exercise their right to use state-approved tools in their fight against IPTV piracy.
In common with other … [+8184 chars]",,Torrentfreak.com
https://www.facebook.com/middleeasteye/,Egypt announces $35B deal with UAE to buy premium Mediterranean area,"Abu Dhabi will pay Cairo for Ras el-Hekma within two months, with the funds earmarked to alleviate Egypt's economic crisis",https://www.middleeasteye.net/news/egypt-announces-massive-35-billion-deal-uae-develop-ras-el-hekma-north-coast,https://www.middleeasteye.net/sites/default/files/images-story/ras-hekma-egypt-north-coast.jpg,2024-02-25T15:22:35Z,"Egypt has agreed to a $35bn deal with the United Arab Emirates to develop the town of Ras el-Hekma town on its northwestern coast, Egyptian Prime Minister Mostafa Madbouly announced on Friday after w… [+3288 chars]",,Middle East Eye
