,Count
ab,28
abb,3
ability,3
able,17
abn,3
abp,10
abroad,9
ac,27
access,19
accessory,10
accident,2
accommodate,2
accordance,12
according,121
account,16
accounted,10
accounting,11
acg,3
achieve,7
achieved,4
acid,2
acknowledged,3
acquire,24
acquired,37
acquires,4
acquiring,12
acquisition,78
act,13
acted,2
acting,3
action,11
activate,2
activating,2
activation,2
active,8
actively,3
activision,2
activity,36
actor,2
actual,13
actually,2
adac,2
adaptation,2
add,11
added,38
adding,3
addition,40
additional,16
additionally,4
address,7
adequacy,2
adequate,2
adjust,3
adjusted,3
adjusting,2
adjustment,9
administered,2
administration,19
administrator,2
adopting,2
adp,28
adpnews,12
advance,2
advanced,9
advantage,6
advertisement,2
advertiser,2
advertising,6
advise,2
advisory,5
afe,3
affair,3
affarsvarlden,3
affect,7
affected,6
affecto,12
affectogenimap,3
aforementioned,2
africa,12
african,2
afternoon,5
afx,22
ag,11
age,2
agency,4
agenda,3
agent,3
aggregate,3
agm,2
ago,27
agreed,38
agreement,118
agricultural,5
agro,2
ahead,4
ahlstrom,21
aho,3
aim,43
aimed,9
air,8
airbus,4
aircraft,5
airline,14
airport,7
aker,7
aktia,10
alandsbanken,3
albat,2
aldata,15
aleksandri,2
alexander,2
alexandria,18
alfa,4
alliance,3
allocated,2
allocation,2
allotted,2
allow,6
allowed,3
allows,10
alloy,2
allure,2
alma,32
aln,3
alternative,5
altia,2
altima,3
altimo,5
altogether,5
aluminium,8
aluminum,3
alus,4
amanda,4
ameas,2
amendment,4
amer,14
america,32
american,13
amounted,37
amounting,2
amplifier,4
amro,2
analysis,28
analyst,29
analytics,4
andhra,2
angeles,2
angler,2
animal,5
anne,2
announce,3
announced,71
announcement,19
annual,68
annually,8
annum,3
anode,2
ansa,2
answer,3
antenna,5
antibody,4
anticipated,5
anticipates,4
antti,2
anttila,3
antwerp,2
apart,3
apartment,10
apetit,2
apiece,3
apollo,2
app,2
appeal,2
appear,2
appears,3
apple,5
applicable,2
applicant,2
application,51
applied,6
apply,5
applying,2
appointed,10
appointment,2
approach,11
appropriate,3
approval,16
approve,3
approved,15
approx,3
approximately,69
april,52
arabia,3
arcelormittal,2
architecture,2
area,90
arena,7
arm,4
arranged,3
arrangement,13
art,12
arthritis,2
article,3
arto,2
asa,5
ashley,2
asia,20
asian,11
asimilar,2
ask,2
asked,4
asphalt,4
aspo,23
aspocomp,20
assembly,4
asset,29
assigned,4
assignment,4
associate,4
associated,6
association,12
assumption,2
assurance,2
astana,2
asx,2
atom,2
atomic,2
atrium,21
attached,4
attack,3
attempt,4
attention,3
attract,4
attractive,3
audi,2
audio,5
auditor,3
aug,4
august,46
australia,6
austria,7
austrian,4
authentication,2
authorisation,2
authority,17
authorization,2
authorized,3
auto,3
automated,2
automatically,3
automation,19
automobile,3
automotive,5
autotank,2
autumn,13
availability,2
available,40
avc,2
avenue,4
average,10
avesta,2
aviation,4
award,8
awarded,35
awareness,2
away,6
axe,2
ba,2
baby,2
backed,2
backlog,2
backup,4
bag,5
bahia,2
bakery,2
balance,10
balanced,3
ball,3
baltic,46
baltimore,2
ban,2
band,3
bangalore,4
bank,111
banked,2
banking,16
bar,2
barc,2
barclays,5
barrel,2
base,27
based,127
basic,4
basis,13
basware,30
batch,2
bathroom,2
bavaria,2
bavelloni,4
bay,2
bbh,2
bcs,2
bearing,5
bed,3
beef,3
beer,24
begin,11
beginning,19
behalf,3
beijing,4
belarus,2
belgian,3
belgium,7
belief,2
believe,2
benchmark,8
benecol,3
benefit,7
benefon,13
bentos,2
bernhard,2
bertrand,2
best,24
bestseller,2
beta,2
beteiligungs,2
better,11
beverage,6
bg,4
bhushan,3
bi,2
bid,14
bidding,2
big,5
bigger,3
biggest,16
billing,7
billion,47
bim,4
biobv,2
biodiesel,6
biofuels,3
bioheapleaching,2
biohit,14
biological,2
biomass,3
biotie,6
birch,3
biscuit,2
bit,2
bj,2
bjorn,2
black,4
blackberry,2
blackstone,2
blast,2
bln,6
block,7
blog,2
bloomberg,2
blue,8
blyk,2
bn,25
bnamericas,2
bns,3
board,85
boat,6
bochum,2
body,7
bofa,2
bond,17
book,14
booked,3
booking,2
boomeranger,2
boosted,4
boosting,2
boot,2
borl,2
born,2
borrower,2
bosch,2
bosse,2
bothnia,3
botnia,5
bottle,3
bought,19
bow,2
box,5
bp,2
bps,2
branch,13
brand,57
branded,7
brasil,2
brazil,9
brazilian,6
brewer,3
brewery,9
brian,2
bridge,18
bridgestone,2
brief,5
bring,15
bringing,6
brings,4
bristol,2
britain,3
british,8
broad,6
broadband,20
broker,10
brokerage,3
brought,5
browser,3
bs,2
btt,2
budapest,2
budget,3
build,25
builder,3
building,83
built,31
bulgaria,3
bulk,2
bulletin,2
bullish,3
bunge,4
burdened,3
burning,2
bus,3
business,270
buster,2
button,2
buy,33
buyer,10
buying,5
buyout,11
ca,2
cabin,2
cable,8
cableway,2
cabot,2
cad,4
calcination,2
calculated,4
calculates,2
calendar,5
calif,3
california,2
called,10
caller,2
came,15
cameco,3
camera,5
campaign,6
canada,6
canadian,2
canal,2
canceled,5
cancellation,3
cancer,2
candidate,2
cap,10
capability,11
capable,3
capacity,50
capital,106
capman,26
capture,3
car,16
carbon,4
card,9
care,5
career,4
cargo,17
cargotec,28
carolina,2
carriage,2
carried,19
carrier,18
carry,8
carrying,4
cartel,3
case,4
cash,46
casting,2
catch,2
category,9
catering,2
cause,4
caused,3
cautious,2
caverion,2
cba,2
cc,2
cd,2
cdli,2
cdp,2
cell,7
cellular,2
cellulose,3
celular,2
cement,4
cencorp,16
cent,32
center,38
central,28
centralized,2
centre,13
ceo,74
ceramic,4
certain,7
certainly,2
certification,5
certified,5
cessation,2
cet,2
cfo,6
cgcbv,3
chain,33
chairman,27
challenge,8
challenging,3
chamber,3
chance,3
change,37
changed,6
changing,4
channel,7
chapter,3
characteristic,2
charge,10
charger,13
charging,13
charter,2
chartered,5
cheaper,2
cheapest,2
check,5
chemical,22
chennai,4
chf,2
chicago,3
chief,27
child,3
chile,2
china,47
chinese,9
chip,3
choice,3
cholesterol,2
choose,4
chose,2
chosen,9
chp,2
christmas,2
chrome,2
cider,3
cinema,3
circuit,12
circulating,3
circulation,3
citadele,2
citigroup,5
citing,3
city,35
citycon,12
civil,7
cjsc,3
claim,6
clarify,4
clarity,3
class,12
clean,4
cleaning,2
clear,13
clearly,7
clerical,2
click,3
client,24
clientele,2
climate,2
climbed,3
climber,2
clinical,5
close,25
closed,22
closely,2
closing,8
closure,4
clothing,17
cloud,3
cnc,3
cnl,2
coagulant,3
coal,2
coast,8
coated,7
coating,13
coca,3
code,7
coffee,2
cohen,2
cola,5
cold,2
collaboration,2
collar,3
colleague,2
collect,3
collection,6
collective,2
color,6
colorful,3
columbia,2
com,34
combination,5
combine,6
combined,25
combining,5
come,22
comfortably,2
coming,8
commence,3
comment,15
commented,2
commerce,4
commercial,27
commercially,6
commission,10
commissioned,5
commissioning,2
commitment,13
committed,5
committee,10
common,4
communal,2
communicated,3
communication,53
community,10
companiesandmarkets,2
company,904
comparable,13
comparative,2
compare,2
compared,147
comparison,2
compatible,3
compensation,5
compete,2
competence,5
competency,2
competing,2
competition,17
competitive,12
competitiveness,7
competitor,8
complement,4
complete,18
completed,40
completely,2
completes,2
completion,14
complex,11
component,20
componenta,22
composite,8
comprehensive,9
comprise,7
comprises,7
comprising,8
comptel,14
computer,15
concentrate,5
concentrating,4
concept,8
concern,13
concerned,3
concerning,18
concluded,8
concludes,3
concrete,4
condition,15
conduct,4
conducted,7
conference,12
confidence,2
confident,2
confirmed,8
congress,3
conjunction,3
connect,2
connection,12
connectivity,8
consecutive,3
consensus,6
consent,2
consequence,2
considerably,9
consideration,6
considered,4
considering,4
consistency,3
consistent,3
consisting,2
consists,11
consolidated,18
consolidating,3
consolidation,4
consortium,3
constantly,2
construct,4
construction,103
constructor,2
consultancy,9
consultant,3
consulting,12
consumer,46
consumption,13
contact,9
container,11
contains,7
content,26
continent,3
continental,2
continuation,4
continue,37
continued,21
continues,10
continuing,15
continuous,2
contract,169
contracted,4
contracting,4
contractor,4
contrast,2
contribute,5
contribution,4
control,28
controlled,13
controller,2
controlling,3
convenience,2
convergence,2
convergent,5
conversion,2
converter,3
convertible,6
converting,3
convinced,2
cooling,2
cooper,2
cooperate,2
cooperation,31
cooperative,5
copenhagen,4
copper,4
copy,3
copying,3
copyright,2
coq,5
core,16
corp,38
corporate,27
corporation,112
correlation,2
correspond,5
corresponding,118
corresponds,3
cosmetic,3
cost,71
council,5
counter,5
country,77
couple,5
course,9
court,9
covenant,2
cover,45
coverage,3
covered,4
covering,5
cramo,20
crane,18
create,11
created,6
creates,4
creating,7
creation,2
credit,29
crew,2
crisis,3
critical,3
crore,3
cross,9
crown,3
cruise,6
crystal,2
cth,5
cu,2
culture,4
currency,11
current,31
currently,36
custom,5
customer,138
customised,4
cut,36
cutlery,3
cutting,14
cv,4
cxe,3
cybercom,4
cycle,3
czech,13
dagens,2
daily,15
dairy,2
damage,2
danish,9
danske,9
dart,2
data,61
date,21
day,40
db,2
dc,5
deal,79
dealer,8
dean,2
debt,11
dec,13
decade,3
december,32
decide,2
decided,27
decision,28
deck,2
decker,2
decline,4
declined,16
decoration,4
decorative,2
decrease,11
decreased,77
dedicated,5
deducted,2
deep,2
defense,5
defined,4
degree,2
delayed,3
delegation,2
delhi,3
delight,2
delighted,5
deliver,28
delivered,31
delivering,3
delivers,3
delivery,52
demand,29
demanding,6
demonstrates,3
demonstration,5
den,2
denmark,12
department,16
depending,4
deploy,2
deployment,7
deposit,5
depot,4
depth,3
deputy,6
described,4
design,62
designed,14
desk,2
desktop,3
despite,2
destia,2
detailed,4
detection,2
determined,3
determining,3
deutsche,5
develop,16
developed,41
developer,34
developing,22
development,91
develops,8
device,51
diagnostic,5
diagnostics,3
diapol,2
diesel,4
differ,3
different,24
difficult,4
digia,15
digital,21
diluted,14
dilution,2
dimension,2
dinh,2
dioxide,2
direct,9
directed,12
directly,4
director,75
disappointment,2
disclose,12
disclosed,24
disclosing,2
disclosure,3
discontinue,3
discontinued,2
discount,3
discus,2
discussion,4
dismissed,5
display,4
disposable,3
disposal,4
dispute,3
distance,4
distinctive,2
distribute,5
distributed,5
distribution,38
distributor,9
district,11
diversified,3
diversify,2
divested,8
divestment,9
divided,6
dividend,38
division,44
djsi,2
dna,3
dnb,2
document,6
documentation,4
dog,2
doktas,3
dokumculuk,2
dollar,11
domestic,16
donation,3
dongguan,3
door,5
dopplr,2
doring,2
dos,3
dosing,2
double,13
doubled,5
douglas,2
dow,2
downtown,4
dozen,2
dragged,2
dress,2
drink,7
drive,16
driven,4
driver,3
driving,3
drop,7
dropped,15
dropping,2
drug,5
dry,2
drying,2
dubai,2
dubna,2
duration,6
durham,2
dutch,7
duty,5
dwt,3
dynamic,5
earlier,87
earliest,3
early,14
earn,2
earned,3
earnings,51
easier,3
east,14
eastern,16
easy,2
eb,9
ebg,2
ebit,13
ebitda,9
ebrd,4
ecb,2
eco,4
economic,16
economy,7
edge,3
edging,2
edita,2
editor,4
eek,5
eero,5
eesti,6
eet,8
effect,21
effected,2
effective,9
effectively,3
efficiency,19
efficient,15
effort,4
efo,3
efore,12
egm,2
eila,2
elcoteq,30
elect,2
elected,3
election,4
electric,3
electrical,11
electricity,16
electrification,2
electronic,20
electronics,50
elektrobit,5
element,2
elevator,11
eli,2
eligible,2
elisa,21
em,6
email,5
emerging,6
emirate,2
emission,9
emphasis,2
employ,28
employed,4
employee,85
employer,8
employing,4
employment,13
emt,2
en,3
enable,22
enables,20
enabling,9
enclosed,2
encourage,2
end,90
ended,9
ending,6
enefit,2
energia,2
energy,46
engaged,7
engine,10
engineer,6
engineered,2
engineering,51
english,4
enhance,5
enhanced,2
enjoy,2
enso,38
ensure,12
enter,10
entered,13
enterprise,16
enters,2
entertainment,2
entire,20
entirely,2
entirety,2
entitled,2
entitlement,2
entity,5
environment,17
environmental,13
environmentally,4
envisaged,3
epi,2
eps,44
eqt,3
equal,3
equipment,81
equipped,8
equity,17
equivalent,2
era,2
ericsson,4
erkki,4
eronen,2
erp,2
ervio,3
escalator,5
esl,5
especially,13
espoo,20
essential,4
establish,13
established,24
establishes,3
estate,30
estimate,32
estimated,52
estimation,4
estonia,27
estonian,11
ethanol,3
ethernet,2
etteplan,9
eu,12
eucalyptus,2
eur,872
euro,175
eurochem,2
euronext,3
europe,43
european,29
ev,2
evaluated,2
evaluation,2
evening,2
event,11
everest,2
evp,2
exactly,2
examining,2
example,8
exceeded,3
excellence,2
excellent,2
excess,6
exchange,66
excited,3
exciting,2
excluding,25
exclusive,4
executed,3
executive,27
exel,8
exercise,3
exercising,4
exhibition,3
existing,24
exit,2
expand,27
expanded,8
expanding,7
expands,7
expansion,19
expect,3
expectation,5
expected,81
expecting,2
expects,48
expenditure,6
expense,8
expensive,2
experience,26
expert,8
expertise,13
expire,2
expires,2
explained,5
explains,3
exploit,2
exploration,2
explore,2
expo,2
export,22
exported,3
exporter,2
exposure,2
express,3
expressly,2
extend,3
extended,9
extending,2
extends,4
extension,8
extensive,6
extensively,2
extra,3
extract,2
extraction,4
extraordinary,4
extremely,6
eye,4
fabric,3
fabrication,2
face,5
facility,62
fact,5
factor,8
factory,19
failed,3
fair,19
fall,15
fallen,3
faller,3
falling,2
family,12
far,12
farm,7
fast,4
faster,5
fastest,3
fat,6
favor,3
favorable,2
favorite,3
favourable,6
favourably,2
feasibility,3
feature,5
featured,3
featuring,3
feb,15
february,43
federal,7
federation,4
fee,6
feed,6
feeder,2
feedstock,2
feel,3
fell,54
felt,2
ferry,14
fertilizer,3
fesco,2
fewer,2
fi,4
fia,2
fiber,15
fibre,4
fidelity,2
field,15
fifth,5
figure,17
file,7
filed,4
filling,2
filmiteollisuus,2
filter,7
final,10
finalized,5
finance,12
financed,4
financial,129
financially,3
financialwire,3
financing,15
finding,2
fine,11
fined,2
finieris,3
finish,3
finished,2
finishing,2
finland,331
finnair,29
finnish,512
finnlines,11
fired,5
fireplace,7
firm,34
fisa,3
fiscal,14
fish,9
fishing,12
fiskars,31
fit,3
fitch,2
fitness,4
fixed,29
fixing,2
flagship,3
flat,4
fleet,9
flexi,4
flexible,11
flexibly,2
flight,12
float,2
floor,9
flooring,2
flow,27
fluid,2
focus,33
focused,6
focusing,8
folding,3
follow,4
followed,6
following,36
follows,4
food,46
foodservice,2
foot,5
force,5
forced,4
forecast,22
foreign,9
foresees,2
forest,27
forestal,2
forestry,10
forever,2
fork,2
form,15
forma,3
format,5
formation,3
formed,6
forming,2
forssa,4
fortum,22
forum,2
forward,16
foundation,6
founded,10
founder,2
foundry,5
fourth,32
frame,6
framework,5
framing,2
france,19
francisco,2
frankfurt,3
fray,2
free,11
freight,2
french,4
frequency,6
fresh,6
friday,32
friend,4
friendly,6
frn,2
frost,2
frozen,5
ft,6
ftse,8
ftth,2
fuel,14
fuelled,2
fujitsu,4
fulfill,2
fully,19
fun,4
function,15
functionality,8
fund,41
funded,2
funding,5
furnace,4
furniture,7
furthermore,7
future,29
gain,17
gained,2
gallerix,3
galvan,2
game,10
gaming,2
gantry,2
garden,6
garmin,3
gas,19
gasoline,2
gave,11
gbx,2
ge,2
general,35
generally,2
generate,4
generated,22
generates,4
generating,4
generation,14
generator,2
genesis,2
genetically,2
genuine,3
geo,3
geographic,2
geographical,3
geosentric,8
geosolutions,3
gerber,2
german,10
germany,24
getting,4
ghana,2
giant,5
gift,4
given,17
giving,6
gla,3
glass,19
glaston,23
glisten,3
global,68
globally,4
globe,3
gmbh,8
gmo,2
goal,12
going,11
gold,3
golden,2
goldman,5
gone,3
good,38
goodwill,5
goodyear,2
google,6
got,5
gothenburg,3
governance,2
government,25
gprs,2
gps,5
grade,5
gradually,5
grain,7
gran,2
grant,3
granted,7
grapevine,2
graphic,4
gray,2
grc,2
great,7
greater,2
green,6
grew,34
grid,5
grimaldi,9
grinding,3
gro,2
groep,2
gross,9
ground,13
group,312
grow,10
growhow,2
growing,19
grown,4
growth,65
grupe,2
gruppen,2
gsm,4
gts,2
guidance,7
guide,3
guinea,2
gulf,4
gunpoint,2
gypsii,9
half,53
hall,7
hamina,4
hampshire,3
han,2
hand,13
handelsbanken,4
handheld,2
handle,5
handled,3
handler,2
handling,31
handset,27
hannu,7
hansen,2
happened,2
happy,7
harbor,2
hard,2
hardware,7
harri,4
harvester,3
harvesting,3
hatch,3
head,28
headbox,3
headboxes,3
headcount,2
headed,2
headquartered,33
headquarters,8
health,3
healthcare,7
healthy,3
hearing,2
heart,2
heat,11
heating,13
heavily,2
heavy,5
hectare,6
height,3
heikki,5
hel,113
helasto,2
held,27
help,4
helped,3
helping,4
helsingin,2
helsinki,156
henrik,3
hiab,4
high,55
higher,29
highest,5
highlight,3
highly,5
hilton,3
historic,4
history,7
hit,13
hitting,2
hk,12
hkscan,9
hobby,5
hoist,2
hold,25
holder,6
holding,41
holiday,5
hollola,4
holmen,2
home,28
homeowner,2
homeware,2
hong,9
honka,3
honkarakenne,10
honored,2
hook,5
hope,7
hoped,2
hospital,2
host,2
hosting,2
hot,5
hotel,11
hour,10
house,25
household,4
housing,9
hspa,4
huge,5
huhtamaki,12
hull,2
human,8
hungary,6
hunting,2
husqvarna,2
hybrid,3
hydraulics,2
hydro,2
hydrogen,2
ibm,4
ice,6
icis,3
iconic,2
ict,5
id,7
idea,7
ideal,2
identical,3
identification,2
identity,5
ifrs,3
ii,6
iii,2
iittala,3
ilk,2
ilkka,10
ilmarinen,2
image,2
immediate,6
immediately,6
immersive,3
impact,16
impacted,2
implement,8
implementation,10
implemented,6
implementing,6
import,9
importance,3
important,16
imported,3
impressive,2
improve,22
improved,21
improvement,18
improves,2
improving,2
inaugural,2
inaugurated,3
incap,18
incentive,2
inception,2
include,50
included,21
includes,56
including,67
inclusion,2
inclusive,3
income,24
inconsistent,2
increase,105
increased,99
increasing,10
increasingly,4
incur,3
incurred,2
independent,8
index,24
india,21
indian,14
indicate,3
indicated,4
indicator,2
individual,7
indosat,3
industri,2
industrial,46
industriekapital,2
industry,100
inen,10
inflation,2
information,58
informed,7
infra,3
infrastructure,27
ing,2
ingredient,2
initial,8
initially,5
initiated,6
initiative,8
injection,2
inked,2
innova,3
innovation,4
innovative,10
innovator,2
inorganic,2
inside,2
insight,4
inspection,3
install,6
installation,19
installed,9
instead,3
institute,4
institution,10
institutional,5
instrument,7
insurance,24
insurer,4
intake,3
integrate,3
integrated,10
integration,8
intel,5
intellibis,3
intelligence,5
intellisync,2
intended,4
intends,7
intensive,3
intent,7
intention,2
inter,2
interaction,2
interactive,4
interconnection,2
interested,9
interesting,8
interface,7
interim,10
interior,6
internal,5
international,44
internationally,4
internet,30
interrupted,3
interview,2
introduce,6
introduced,6
introducing,2
introduction,2
invention,5
inventor,6
inventory,4
invest,22
invested,10
investigator,2
investing,3
investment,124
investor,43
invitation,2
invite,4
invoice,19
involve,3
involved,9
involves,4
involving,2
ipad,2
iphone,4
ir,2
ireland,5
irish,2
iron,6
island,3
iso,2
israel,2
issuance,2
issue,41
issued,28
issuer,2
issuing,2
italian,5
italy,10
item,32
itikka,2
ivrcl,3
ixonos,11
jan,12
january,90
japan,15
japanese,7
jari,2
jarmo,7
jarvenpaa,2
jaston,2
jensen,2
jet,3
job,29
john,5
join,9
joint,28
jointly,4
jon,4
jones,4
jordan,2
jorma,2
jouko,2
journalistic,2
journey,3
jp,2
jpm,3
jpmorgan,2
jsc,2
judge,2
judgement,2
juha,9
juhani,4
jukka,5
jul,2
july,38
jumped,10
jun,4
june,56
jussi,5
jyvaeskylae,3
jyvaskyla,10
kai,6
kaleva,2
kallasvuo,4
kallio,2
kalmar,8
kalnapilio,2
kalnapilis,2
kaluga,2
kansa,3
kari,7
karppinen,4
karvinen,2
kauhajoki,2
kauko,4
kaukomarkkinat,5
kaunas,2
kauniskangas,2
kauno,2
kauppalehti,3
kaupthing,11
kausta,2
kazakhstan,7
kci,5
kcr,4
kd,8
kel,2
kemira,24
kept,2
kermansavi,2
kesko,19
kevin,2
key,24
keyboard,2
kg,2
ki,3
kilo,3
kilometer,2
kilometre,3
kim,2
kind,7
kiruna,2
kit,2
km,6
know,13
knowledge,6
known,18
kone,20
konecranes,19
kong,9
korea,8
korean,3
koskinen,2
koskull,2
kostroma,2
kpi,2
kra,2
kraft,2
kraftliner,2
krippl,2
kronor,2
kroon,7
kuitu,4
kustannus,2
kw,2
ky,2
kyivstar,2
kymmene,20
kyro,6
kyronsalmi,2
kyroskoski,3
laasanen,2
laavainen,2
label,3
labor,2
laboratory,10
ladle,2
lahti,4
lahtinen,2
laid,9
laine,2
lake,2
land,19
landsbanken,2
lang,2
language,3
large,26
larger,8
largest,55
larox,3
lasse,2
lassi,2
lassila,6
lat,3
late,8
later,15
latest,17
latin,9
lattelecom,3
latvia,12
latvian,5
latvijas,3
launch,27
launched,14
launching,4
law,7
lay,31
layer,4
laying,4
layoff,9
le,19
lead,22
leader,16
leadership,3
leading,40
lean,2
learning,3
lease,10
leased,5
leasing,4
leave,4
leaving,3
led,6
lee,4
leed,3
left,3
legal,2
lehdentekijat,2
leipurin,4
leisure,3
lem,6
lember,2
lemcon,3
lemmink,6
lemminkainen,14
lender,4
lending,4
length,4
leningrad,2
lesprom,2
let,4
letter,9
level,42
leverage,3
lewa,2
lg,3
liability,2
library,3
licence,7
license,7
licensing,8
lidskoe,2
lie,2
liechtenstein,2
lietuva,2
life,24
lifecycle,4
lifetree,2
lift,5
lifted,5
lifting,7
light,11
lihatoostus,2
lihir,2
liisa,2
like,13
likely,9
limit,5
limited,9
lindex,4
line,74
lining,3
link,8
linking,2
lion,3
liquefied,3
liquid,14
liquidated,2
liquidity,3
list,11
listed,22
listing,2
litas,3
liter,17
literature,2
lithuania,13
lithuanian,7
litre,6
little,6
live,10
living,2
lkab,3
llc,8
lng,4
load,9
loader,2
loan,24
local,40
locally,4
located,22
location,25
lock,2
lodged,2
log,6
logging,2
logical,2
logistics,22
london,19
long,57
longer,6
look,14
looking,8
loose,2
los,2
losing,2
loss,149
lost,5
lot,6
loudeac,5
love,3
loviisa,2
low,21
lower,39
lowered,3
lowering,2
lowest,3
loyal,4
lp,2
lse,2
lt,3
lte,5
lundmark,2
lure,4
luxembourg,2
luxury,2
lvl,3
lynch,2
macgregor,7
machine,32
machinery,47
madison,5
magazine,22
mail,14
main,27
mainly,18
maintain,3
maintains,2
maintenance,33
major,34
majority,11
make,55
maker,76
making,25
malaysia,6
mall,7
malware,2
man,6
manage,6
managed,12
management,84
manager,27
manages,7
managing,24
manavigator,2
manchester,2
mandate,2
mandatory,3
manufacture,30
manufactured,6
manufacturer,60
manufacturing,53
map,6
mara,2
marathon,3
marcel,5
march,59
margarine,4
margin,28
marimekko,21
marine,9
maritim,2
maritime,3
mark,9
marked,3
market,262
marketing,28
marketplace,5
marketwatch,3
marko,2
martela,5
martin,3
marubeni,3
master,5
mastercard,2
mat,2
matching,3
material,48
matter,8
matti,10
mature,2
maturing,3
maturity,4
max,3
maxi,2
maximum,23
md,3
meadville,3
meal,3
mean,11
measure,33
measured,3
measurement,11
measuring,4
meat,18
mechanical,8
mediation,3
medical,7
mediterranean,2
medium,73
meego,5
meet,9
meeting,33
megafon,4
megawatt,2
member,37
membership,2
memorandum,4
mentioned,3
meo,2
mercator,2
merchant,4
merge,4
merged,6
merger,11
merging,3
meri,2
merrill,2
mertano,2
message,4
messaging,7
met,5
metal,31
metallurgical,2
meteorology,2
meter,7
method,20
metre,15
metric,2
metro,5
metropolitan,3
metsa,4
metsaliitto,7
metso,30
meur,7
mexico,7
mezzanine,2
mformation,2
mg,2
mhz,4
michael,3
micro,4
microsoft,10
mid,22
middle,8
midnighttrader,3
mika,5
mikko,4
mikkonen,2
milestone,4
million,311
mineral,8
mining,9
minister,3
ministry,4
minn,2
minor,2
minority,5
mirabela,2
miracle,2
mitsubishi,3
mix,2
mixed,6
ml,2
mln,128
mm,2
mmo,4
mn,333
mo,2
mobile,117
mobility,9
model,22
modeling,4
modelling,3
modem,2
modern,10
modernization,2
modular,6
module,7
molecule,2
molybdenum,2
moment,6
monday,19
money,10
monitoring,3
monster,2
month,112
monthly,4
morgan,4
morning,5
mortar,2
mortgage,3
morvillars,5
moscow,15
motor,2
motorola,7
mount,2
mouse,2
moved,4
moving,5
mr,31
multi,7
multimedia,3
multiple,6
multiradio,2
mumbai,3
munich,3
municipal,3
municipality,6
museum,2
music,8
mutual,3
mw,11
myllykoski,2
nalmefene,2
named,7
narrow,4
narrowed,17
nasdaq,21
nastola,5
nation,3
national,16
nationwide,3
natural,21
navigation,10
navigator,3
navteq,4
nda,5
near,18
nearly,9
necessary,6
nederland,2
need,23
needed,7
negative,18
negotiating,6
negotiation,48
nekoski,3
nembv,3
nen,3
neomarkka,7
neste,25
net,384
netherlands,9
network,86
networking,7
neudorf,3
neutral,2
nevsky,3
new,261
newcomer,2
newest,2
newly,5
newpage,4
news,61
newspaper,19
newsprint,2
newstex,5
newswire,2
nexbtl,3
nge,2
niam,2
niche,4
nickel,9
nicotine,2
nielsen,2
night,2
nil,2
nissan,2
nnen,9
nok,12
nokia,114
nokian,12
nominal,3
nomination,7
non,44
nonwovens,9
noop,2
nordea,42
nordic,49
nordstjernan,6
normal,3
normally,3
norske,3
north,35
northern,17
northland,2
northwest,2
northwestern,2
norway,16
norwegian,15
notably,2
note,12
noted,7
notice,8
noticeable,3
notification,2
nov,10
novator,4
novel,7
november,39
ntsb,2
ntt,2
nuclear,6
number,71
nurminen,3
nv,2
nyberg,4
nyrstar,2
nyse,15
oasis,2
objective,6
observed,3
obtained,4
occupied,2
oct,15
october,61
odell,2
offer,58
offered,6
offering,29
office,63
officer,12
official,9
offs,18
offset,3
offshore,7
ohio,2
oil,42
okm,4
okmetic,21
oko,6
old,11
oldest,3
olli,6
olvi,16
omx,80
omxn,3
oneworld,2
ongoing,5
online,23
onwards,2
ooo,2
op,6
open,16
opened,10
opening,8
operate,11
operated,3
operates,23
operating,294
operation,165
operational,18
operative,5
operator,42
opinion,4
opportunity,12
optical,2
optimization,3
option,49
oral,2
orange,8
order,129
ordered,12
ore,11
organic,4
organization,20
organized,3
orhangazi,2
oriental,2
oriented,2
original,5
originally,2
oriola,9
orion,11
ornamental,4
os,6
osl,5
oslo,4
ostrava,2
ostrom,2
osuuskunta,2
ote,2
otto,3
oulu,13
outcome,3
outdoor,3
outlet,6
outlook,19
outokumpu,21
outotec,21
output,10
outside,16
outsourced,3
outsourcing,3
outstanding,8
overall,13
overlaid,2
overview,9
ovi,2
ovum,2
owing,3
owned,31
owner,29
ownership,12
owns,17
oxygen,3
oy,78
oyj,229
paatela,2
pacific,7
pack,2
package,4
packaging,26
packed,3
page,4
paid,23
paikallissanomat,4
paint,13
pakistan,2
palm,5
palmberg,2
panel,6
pankki,2
panostaja,17
paper,83
paperboard,3
papua,2
par,4
parent,7
paris,3
park,24
parking,2
parliament,2
parnu,2
partially,2
participant,7
participate,6
participated,6
participating,2
particular,8
particularly,3
partly,5
partner,40
partnership,13
party,19
pas,2
passenger,26
past,10
patch,2
patent,19
patient,7
patja,2
patricia,2
patronage,2
pattern,4
paul,2
pay,20
payable,4
payment,13
payroll,3
pc,6
pcb,2
pcbs,3
pct,62
pda,2
peab,3
pearl,6
peat,2
peeling,3
pekka,9
pellet,2
peltonen,2
penny,2
pension,16
people,61
percent,97
percentage,5
perfect,3
perform,2
performance,34
period,240
permanent,7
permanently,2
permission,2
permit,2
peroxide,2
person,18
personal,11
personnel,35
perspective,2
pertti,2
pesonen,2
peter,5
petersburg,30
petition,2
petrochemical,2
pharmaceutical,26
pharmacokinetic,2
pharmacy,2
phase,16
philippine,3
phone,59
phosphate,2
photo,2
physical,3
pick,2
picked,4
piece,3
pietarsaari,2
pilot,6
pine,2
pioneer,3
pipe,2
pipeline,4
pipette,3
pipettors,3
pirkka,3
pit,3
pivo,2
pkc,4
place,34
placed,7
plan,67
planned,20
planning,22
plant,136
plasterboard,2
plastic,8
plate,4
platform,20
platinum,2
play,5
played,2
player,19
plaza,3
plc,63
pleased,13
plot,6
plumbing,8
plus,10
plx,2
plywood,7
pm,8
poh,4
pohjola,23
pohjolan,2
point,26
poland,20
pole,3
police,2
policy,9
polish,3
polytechnic,3
ponsse,10
poor,4
popular,8
populated,2
population,2
pori,3
port,15
portable,2
portal,3
portfolio,24
portion,6
portti,3
portugal,2
porvoo,2
position,42
positioning,2
positive,28
possibility,2
possible,6
possibly,2
post,9
posted,28
posting,2
potential,14
poultry,5
pound,5
powder,5
power,43
powered,4
powerful,3
poy,2
poyry,22
pradesh,2
pre,16
precision,3
precor,3
predefined,3
prefer,3
preferred,3
preliminary,10
premier,3
premise,10
premium,5
prepaid,7
preparation,3
prepare,2
prepared,2
preparing,3
presence,14
present,20
presentation,4
presently,3
president,45
press,32
pretax,29
previous,29
previously,35
price,104
priced,2
pricing,7
priit,2
primarily,7
primary,5
prime,3
principal,5
print,5
printed,8
printing,14
prior,7
priority,2
privacy,4
private,18
privately,2
pro,6
problem,6
procedure,4
proceed,2
proceeded,2
proceeds,3
process,54
processed,2
processing,30
processor,3
procurement,9
produce,16
produced,14
producer,20
producing,11
product,175
production,122
productional,2
productivity,4
produkt,2
prof,2
professional,7
profile,14
profiling,2
profit,410
profitability,11
profitable,7
program,42
progress,2
progressed,2
proha,5
prohibited,3
prohouse,2
project,114
projected,2
projection,2
proline,3
prolongation,2
promise,3
promising,5
promote,3
promoting,2
promotion,2
property,38
proportion,5
proposal,11
propose,11
proposed,11
proposes,3
proprietary,3
prosecutor,2
prospect,6
protalix,6
protect,2
protection,7
protein,3
protocol,4
proud,7
proved,2
proven,3
provide,36
provided,22
provider,50
provides,32
providing,21
provision,2
provisioning,3
psoriasis,3
publ,2
public,22
publication,5
publish,11
published,25
publisher,8
publishing,5
pulkovo,3
pulp,30
purchase,35
purchased,6
purchasing,2
purpose,4
pursue,3
push,2
pushed,3
putting,5
pvt,5
qpr,8
qt,3
qualcomm,4
quality,34
quarter,227
quarterly,5
question,2
quick,4
quickly,4
quite,7
quote,2
quoted,6
ra,2
raahe,5
radiation,2
radio,10
ragot,3
ragutis,7
raiffeisen,2
rail,4
railway,8
raise,11
raised,14
raisio,19
raivv,3
rakvere,3
ramirent,16
range,37
ranging,2
rank,2
rantanen,3
rao,2
rap,3
rapala,18
rapid,5
rapidly,4
rate,29
rating,13
ratio,9
rautakirja,2
rautalinko,2
rautaruukki,22
raute,18
raw,21
rbff,2
reach,13
reached,12
reaching,2
reactor,3
read,5
reader,7
reading,3
ready,10
real,60
realized,5
really,2
reason,8
rebuild,2
receive,11
received,27
recent,11
recently,19
reception,4
recipient,2
recognize,4
recognized,5
recommendation,12
record,17
recorded,12
recovered,2
recovery,6
recruit,4
recruited,2
recruitment,2
recurring,28
recycled,6
recycling,6
red,6
redistribution,2
reduce,12
reduced,9
reduction,28
redundancy,2
redundant,6
reel,2
reference,3
refinance,3
refinery,7
refining,7
reflect,2
reflected,2
reflects,3
refurbishment,2
refused,3
regarding,6
region,35
regional,7
regionally,2
register,17
registered,13
registration,8
regular,2
regulatory,2
rehu,3
reijo,2
reimbursed,2
reiterated,2
rejected,2
related,44
relates,3
relation,5
relationship,5
relative,5
relatively,5
release,54
released,12
relevant,5
reliability,2
reliable,3
relocate,4
relocated,2
relocation,3
rely,2
remain,24
remainder,5
remained,9
remaining,16
remains,3
remote,4
remotely,2
removal,4
remuneration,4
renesas,2
renewable,4
renovate,2
renovation,3
rent,3
rental,23
reorganisation,8
repair,2
repayment,3
repeat,3
repeated,4
replace,2
replaced,2
replacement,2
report,85
reported,53
reportedly,2
reporter,5
reporting,18
represent,3
representative,10
represented,5
representing,17
represents,7
republic,11
republication,2
repurchase,5
repurchased,2
request,3
required,10
requirement,8
requires,2
research,28
reservation,2
reserve,4
reserved,3
resident,4
residential,11
residue,2
resignation,3
resolution,3
resolved,4
resort,2
resource,25
respective,4
respectively,24
respondent,2
responsibility,8
responsible,19
rest,6
restaurant,4
restriction,2
restructuring,19
result,114
resulted,4
resulting,3
retail,37
retailer,16
retained,2
retaining,3
retirement,2
return,18
returned,5
reuters,4
revealed,2
revenue,62
review,9
revolving,4
reward,2
rheumatoid,2
rich,3
riga,2
right,64
rigid,3
rihko,4
rim,2
rinkuskiai,2
rise,17
risen,2
risfelt,4
rising,3
risk,4
risto,5
rival,7
rmr,4
road,11
robust,2
rocketed,2
rod,2
roger,2
role,9
roll,4
rolling,2
romania,6
roof,4
room,5
ropax,2
rose,101
rosen,3
rosenlew,2
rostelecom,2
roughly,2
roundtable,2
route,14
routing,2
royal,5
royalty,2
rpk,2
rsa,2
rspo,3
rtrks,7
rts,2
rtsil,4
rubber,2
ruble,2
rug,2
rule,6
run,10
running,5
ruokatalo,11
russia,83
russian,38
rutav,4
ruukki,41
rvi,7
ryobi,2
sa,3
saa,2
saarelainen,2
sachs,5
safety,13
safran,3
said,544
saint,6
sal,4
salaried,3
salary,4
salcomp,12
sale,473
salo,4
salomon,6
salonen,2
samas,3
sami,8
sampo,28
samsung,5
san,4
sanoma,25
sanomat,6
sanomawsoy,2
sap,2
sappi,5
sarantel,2
sastamala,2
satama,10
satisfied,3
saudi,3
savcor,5
save,3
saved,2
saving,31
savonlinna,2
saw,8
sawmill,6
sawn,2
say,52
saying,6
scaffolding,3
scale,6
scan,4
scandic,2
scandinavia,3
scandinavian,7
scanfil,23
scanning,2
scene,2
scf,2
schedule,3
scheduled,22
scheme,8
school,3
sciard,2
science,14
scissors,6
scope,7
scott,3
screen,6
sda,2
sdm,2
se,10
sea,13
seal,3
sealed,2
search,4
season,2
seat,6
seb,3
second,89
secondary,3
section,11
sector,59
secure,25
secured,5
security,36
seek,4
seeking,2
seen,12
segment,29
seikku,2
seinajoki,2
sek,16
select,2
selected,13
selection,8
sell,48
seller,7
selling,16
semiconductor,2
seminar,3
send,7
sending,3
senior,13
sense,3
sensor,3
sent,3
sentera,4
sep,2
separate,5
separated,3
separately,2
separating,3
sepp,4
seppala,5
seppo,2
sept,5
september,84
serf,6
series,9
serve,14
served,3
server,6
service,287
servicing,2
serving,7
session,2
set,36
setting,2
settlement,2
seven,10
shade,2
shale,3
shalkiya,2
shall,9
shanghai,7
shape,4
share,344
shareholder,51
shareholding,5
sharing,2
sharply,2
shb,3
shed,2
sheet,11
shell,2
shelter,2
shenzhen,2
shift,4
ship,16
shipbuilder,2
shipment,3
shipping,24
shipyard,4
shoe,5
shooting,2
shop,13
shopping,18
short,15
shot,4
showed,5
shrank,2
shut,2
siemens,18
sievi,4
sign,5
signal,2
signaling,2
signature,2
signed,75
significant,38
significantly,11
signing,5
sihvo,3
silicon,11
silva,3
silver,2
similar,12
simplify,2
simultaneously,6
singapore,3
single,7
sinter,2
sister,3
site,32
sitra,2
situation,33
size,14
sized,3
sizing,2
ski,4
skier,4
skog,3
skogster,2
slashed,2
slaughterhouse,3
slaughtering,2
slid,3
slide,3
slight,3
slightly,18
slipped,10
slovak,2
slovakia,3
slowed,2
sludge,2
small,20
smaller,10
smart,2
smartphone,7
smartphones,3
smelter,3
smith,2
smoking,4
sna,2
snack,2
snow,3
soapstone,4
social,14
sodra,2
soft,5
software,67
solar,5
sold,29
sole,6
solely,2
solid,5
solidium,6
solteq,6
solution,154
somaxon,2
sony,2
soon,7
sotkamo,2
sound,4
source,14
sourcing,4
south,20
southeastern,3
southern,12
southwestern,2
soy,3
spa,2
space,18
spain,5
spanning,3
spark,2
special,13
specialises,6
specialising,7
specialist,8
specialized,2
specialty,12
specific,2
specifically,2
specified,3
speed,8
speeded,2
spend,2
spending,2
spent,2
spin,3
split,4
spokesman,2
spokesperson,3
spokeswoman,4
sponda,14
sponsoring,2
sport,29
sporting,2
spot,5
spread,3
spring,15
sq,15
square,21
sriperumbudur,2
srl,2
srv,7
ssh,7
st,33
stabilised,2
stable,3
stacker,3
staff,31
stage,11
stainless,14
stake,58
stakeholder,3
stand,4
standard,16
standing,5
star,6
start,56
started,31
starting,17
state,44
stated,7
statement,24
station,17
stationery,3
statistic,4
status,7
statutory,6
stay,4
steel,50
steer,2
stefan,2
step,6
sterling,2
sterv,2
sto,11
stock,96
stockholm,18
stockmann,23
stone,7
stonegate,5
stonesoft,8
stood,14
stop,4
stopped,2
stora,41
storage,6
store,46
storengy,2
storey,2
storm,3
story,4
stoxx,2
strait,3
strand,2
strategic,25
strategy,38
stream,7
streaming,2
streamline,5
streamlining,4
street,11
strength,8
strengthen,16
strengthened,5
strengthening,8
strengthens,5
strike,7
strip,2
strong,28
stronger,6
strongest,2
strongly,2
structural,3
structure,37
struggling,2
stuck,2
student,2
study,12
studying,2
stx,2
style,2
subcontractor,6
subject,10
subordinated,3
subscribe,3
subscribed,18
subscriber,7
subscription,31
subsidiary,60
substantial,6
substation,2
suburb,2
succeed,2
succeeded,2
success,4
successful,6
successfully,4
suffering,2
sufficient,3
suisse,2
suitable,6
suite,5
sulphuric,2
sum,14
summary,3
summer,19
summit,4
sun,2
sunrise,2
suomen,16
suomi,4
suominen,12
super,2
superior,3
supermarket,6
superstructure,2
supervision,3
supervisory,3
supplied,3
supplier,43
supply,62
supplying,4
support,41
supported,4
supporting,6
supposed,2
sure,2
surface,6
surfing,2
surged,8
surpass,2
surrounding,2
surveillance,2
survey,4
suspect,2
sustainability,4
sustainable,11
suv,2
suy,2
svenska,3
sverige,4
sveza,2
svp,2
svyturys,2
swap,2
swedbank,4
sweden,45
swedish,50
swing,2
swiss,3
switch,3
switzerland,4
swung,8
symbian,6
syndicate,2
syndicated,6
synergy,7
sysopen,9
systemhaus,2
ta,2
tablet,4
tackle,5
tailor,3
tailored,2
taiwan,4
takanen,2
taken,12
takeover,9
taking,8
talentum,14
talermo,2
talk,13
talking,2
tallink,6
tallinn,13
talo,3
talvivaara,15
tamglass,5
tampere,13
tank,3
tanker,3
tap,4
tape,3
tapio,2
tapiola,2
target,44
targeted,6
targeting,4
task,5
tata,2
tauras,2
tauro,2
tax,40
tb,2
team,17
tec,2
tech,5
technical,16
techno,2
technological,4
technologically,2
technology,129
technopark,2
technoparks,2
technopolis,16
tecnomen,12
tecnotree,7
tectia,5
tehtaat,9
tekla,19
teks,2
tel,12
telanne,3
tele,2
telecom,30
telecominvest,2
telecomms,2
telecommunication,19
telecomworldwire,2
telemig,2
telenor,5
telephone,4
teleste,26
television,2
teliasonera,28
telko,6
temporarily,14
temporary,20
tenant,3
tender,6
tenth,3
teollisuuden,2
term,74
terminal,11
terminate,2
terminated,2
termination,3
territory,6
test,15
testing,6
teus,3
teva,2
texas,4
text,2
textile,11
tgk,4
th,5
thanks,9
therapeutic,4
therapy,3
thermal,2
thesis,2
thing,5
thomson,10
thousand,4
threat,2
throughput,2
thursday,22
tie,3
tieto,10
tietoenator,10
tii,4
tiimari,13
tik,3
tikanoja,6
tikkurila,19
tim,2
timber,2
time,68
timetable,4
timo,6
tip,5
tire,8
title,2
tj,2
tlsn,2
tlt,6
tm,7
tobacco,2
today,149
told,17
tolerated,2
tomorrow,4
tomtom,3
ton,11
tonne,22
took,8
tool,24
toolonlahti,2
topical,2
tornio,2
tortue,3
total,139
totaled,48
totaling,2
totalled,51
totalling,5
touch,7
tough,4
tournament,2
tower,7
town,6
toy,2
trace,2
track,7
tracking,2
trade,34
traded,8
trademark,8
trading,19
tradition,2
traditional,4
traffic,30
trailer,3
train,3
trainer,4
training,10
transaction,60
transfer,25
transferred,11
transferring,6
transmission,4
transport,12
transportation,14
travel,9
treasury,2
treat,2
treatment,16
tree,3
trend,11
trh,2
trial,5
tried,2
trip,2
tripled,3
trojan,3
trouble,3
truck,7
truly,3
trust,4
try,3
trygvesta,2
trying,3
tse,2
tube,4
tuesday,22
tulikivi,9
tulonen,3
tumkur,2
tunnel,3
tuomas,2
turbine,2
turkey,8
turkish,4
turku,10
turn,10
turned,10
turning,2
turnkey,4
turnover,38
turun,4
tv,9
tvo,4
twh,2
twig,4
twist,2
tyo,2
type,17
typically,2
tyre,13
tyrv,3
tyrvaan,2
uae,2
ubs,2
uk,25
ukmerge,2
ukonaho,2
ukraine,8
ultra,4
umbrella,2
umts,2
unaudited,2
unbanked,2
uncertainty,4
unchanged,6
underground,8
underlying,4
understand,4
understanding,5
undertaking,2
undisclosed,10
unibrew,2
unicom,2
unified,2
uniglass,2
union,13
unique,3
unit,121
united,14
university,10
unless,2
unnamed,5
unsecured,3
unveil,2
update,6
updated,4
upgrade,10
upgraded,8
upm,39
uponor,15
uranium,4
urban,2
url,2
uruguay,2
uruguayan,2
usa,15
usd,91
use,58
used,33
user,31
using,25
usmanov,2
utenos,2
utility,8
va,21
vaahto,15
vaasa,2
vacon,12
vaias,3
vaisala,16
valid,2
valkama,2
valkeakoski,3
valley,3
valmet,2
valuation,2
value,104
valued,10
valve,3
van,3
vantaa,12
varesvuo,2
variant,2
variety,7
various,16
varma,2
vartan,2
vary,3
vat,5
vauramo,2
vdw,2
vegetable,5
vehicle,14
veidekke,2
vendor,10
veneer,8
venture,23
veracel,2
verizon,3
version,10
versus,20
vessel,19
viable,2
vianor,2
vice,19
vicinity,2
victoria,2
video,23
vietnam,4
view,3
viewed,6
viewing,2
viking,14
village,3
vimpelcom,2
virala,2
visibility,6
vision,2
visit,4
visitor,5
visual,2
vladimir,2
vmc,8
vodafone,3
voice,14
voima,3
voip,2
volkswagen,2
vologda,2
volume,43
volunteer,3
von,2
vote,14
voting,30
vr,4
vsevolozhsk,2
vuosaari,2
vwr,2
wafer,9
wagon,3
wahlroos,4
wait,2
walking,3
wall,3
walter,2
want,14
warehouse,11
warehousing,2
warmly,4
warning,12
warrant,3
warsaw,2
wartsila,11
washington,4
waste,13
wastewater,2
watch,3
water,20
waterborne,3
watermark,2
waterqueen,3
wave,3
way,21
wcdma,3
weak,7
weakened,2
weaker,2
weakness,5
weather,4
web,16
webcast,8
website,11
wednesday,26
week,30
weekly,3
weight,2
welcome,11
welding,2
wellness,2
went,21
west,6
westerlund,2
western,7
westpac,2
wet,5
whilst,2
white,5
whitehall,2
wholesale,8
wholesaler,3
wholly,6
wi,2
wide,14
widened,5
wider,2
wife,2
williams,2
wilson,3
wimax,2
win,8
wind,7
window,11
winner,3
winning,4
winter,4
wipe,7
wire,2
wireless,15
wirsam,2
wish,3
wo,2
wonderware,2
wood,18
wooden,4
work,45
worked,7
worker,15
workflow,3
workforce,4
working,19
workshop,2
world,55
worldwide,15
worth,29
write,2
written,3
wrote,4
www,28
wysockiego,2
xpress,2
ya,2
yahoo,2
yara,3
yard,6
year,390
yearly,3
yesterday,25
yhtyma,5
yield,3
yit,32
yliopistonrinne,2
york,6
young,2
youtube,2
yty,2
zao,2
zinc,7
zone,7
